iata,name,city,country,continent,lat,lon,size
AAA,Anaa Airport,Anaa,PF,OC,-17.3526,-145.5100,M
AAC,El Arish International Airport,El Arish,EG,AS,31.0553,33.8280,L
AAE,Annaba Rabah Bitat Airport,Annaba,DZ,AF,36.8268,7.8133,L
AAL,Aalborg Airport,Aalborg,DK,EU,57.0948,9.8499,L
AAN,Al Ain International Airport,Al Ain,AE,AS,24.2617,55.6092,L
AAP,Aji Pangeran Tumenggung Pranoto International Airport,Samarinda,ID,AS,-0.3745,117.2501,M
AAR,Aarhus Airport,Aarhus,DK,EU,56.3033,10.6183,L
AAT,Altay Xuedu Airport,Altay,CN,AS,47.7499,88.0858,M
AAX,Romeu Zema Airport,Araxá,BR,SA,-19.5632,-46.9604,M
AAY,Al Ghaydah International Airport,Al Ghaydah,YE,AS,16.1933,52.1742,M
ABA,Abakan International Airport,Abakan,RU,AS,53.7400,91.3850,L
ABB,Asaba International Airport,Asaba,NG,AF,6.2042,6.6653,L
ABD,Abadan Ayatollah Jami International Airport,Abadan,IR,AS,30.3679,48.2301,L
ABE,Lehigh Valley International Airport,Allentown/Bethlehem,US,NA,40.6518,-75.4428,M
ABI,Abilene Regional Airport,Abilene,US,NA,32.4113,-99.6819,M
ABJ,Félix-Houphouët-Boigny International Airport,Abidjan,CI,AF,5.2614,-3.9263,L
ABK,Kebri Dahar Airport,Kebri Dahar,ET,AF,6.7326,44.2413,M
ABL,Ambler Airport,Ambler,US,NA,67.1055,-157.8553,M
ABQ,Albuquerque International Sunport,Albuquerque,US,NA,35.0400,-106.6089,L
ABR,Aberdeen Regional Airport,Aberdeen,US,NA,45.4491,-98.4218,M
ABS,Abu Simbel Airport,Abu Simbel,EG,AF,22.3759,31.6117,M
ABT,King Saud Bin Abdulaziz (Al Baha) Airport,Al-Baha,SA,AS,20.2985,41.6362,M
ABV,Nnamdi Azikiwe International Airport,Abuja,NG,AF,9.0068,7.2632,L
ABX,Albury Airport,East Albury,AU,OC,-36.0668,146.9591,M
ABY,Southwest Georgia Regional Airport,Albany,US,NA,31.5329,-84.1962,M
ABZ,Aberdeen International Airport,Aberdeen,GB,EU,57.2019,-2.1978,L
ACA,General Juan N. Álvarez International Airport,Acapulco,MX,NA,16.7571,-99.7531,L
ACC,Kotoka International Airport,Accra,GH,AF,5.6052,-0.1668,L
ACE,César Manrique-Lanzarote Airport,San Bartolomé,ES,AF,28.9455,-13.6052,L
ACH,Sankt Gallen Altenrhein Airport,St. Gallen,CH,EU,47.4850,9.5608,M
ACI,Alderney Airport,Saint Anne,GG,EU,49.7061,-2.2147,M
ACK,Nantucket Memorial Airport,Nantucket,US,NA,41.2531,-70.0602,M
ACT,Waco Regional Airport,Waco,US,NA,31.6113,-97.2305,M
ACV,California Redwood Coast-Humboldt County Airport,Arcata/Eureka,US,NA,40.9781,-124.1090,M
ACX,Xingyi Wanfenglin Airport,Xingyi,CN,AS,25.0834,104.9608,M
ACY,Atlantic City International Airport,Atlantic City,US,NA,39.4562,-74.5775,M
ADB,Adnan Menderes International Airport,Gaziemir,TR,AS,38.2924,27.1570,L
ADD,Addis Ababa Bole International Airport,Addis Ababa,ET,AF,8.9779,38.7993,L
ADE,Aden International Airport,Aden,YE,AS,12.8296,45.0300,L
ADF,Adıyaman Airport,Adıyaman,TR,AS,37.7314,38.4689,M
ADJ,Marka International (Amman Civil) Airport,Amman,JO,AS,31.9727,35.9916,L
ADK,Adak Airport,Adak,US,NA,51.8836,-176.6428,M
ADL,Adelaide International Airport,Adelaide,AU,OC,-34.9475,138.5334,L
ADQ,Kodiak Airport,Kodiak,US,NA,57.7500,-152.4940,M
ADU,Ardabil Airport,Ardabil,IR,AS,38.3257,48.4244,M
ADZ,Gustavo Rojas Pinilla International Airport,San Andrés,CO,NA,12.5836,-81.7112,L
AEB,Baise (Bose) Bama Airport,Baise (Tianyang),CN,AS,23.7206,106.9600,M
AEP,Aeroparque Jorge Newbery,Buenos Aires,AR,SA,-34.5594,-58.4155,L
AER,Sochi International Airport,Sochi,RU,EU,43.4499,39.9566,L
AES,Ålesund Airport,Ålesund,NO,EU,62.5604,6.1108,L
AEU,Abu Musa Island Airport,Abu Musa,IR,AS,25.8757,55.0330,M
AEX,Alexandria International Airport,Alexandria,US,NA,31.3258,-92.5467,M
AEY,Akureyri International Airport,Akureyri,IS,EU,65.6566,-18.0720,L
AFA,Suboficial Ay Santiago Germano Airport,San Rafael,AR,SA,-34.5883,-68.4039,M
AFL,Piloto Osvaldo Marques Dias Airport,Alta Floresta,BR,SA,-9.8664,-56.1063,M
AFZ,Sabzevar National Airport,Sabzevar,IR,AS,36.1681,57.5952,M
AGA,Al Massira Airport,Agadir (Temsia),MA,AF,30.3225,-9.4120,L
AGH,Ängelholm-Helsingborg Airport,Ängelholm,SE,EU,56.2961,12.8471,M
AGP,Málaga-Costa del Sol Airport,Málaga,ES,EU,36.6749,-4.4991,L
AGR,Agra Airport / Agra Air Force Station,Agra,IN,AS,27.1580,77.9610,M
AGS,Augusta Regional At Bush Field,Augusta,US,NA,33.3699,-81.9645,M
AGT,Guaraní International Airport,Ciudad del Este,PY,SA,-25.4572,-54.8395,L
AGU,Aguascalientes International Airport,Aguascalientes,MX,NA,21.6996,-102.3184,L
AGX,Agatti Airport,Agatti,IN,AS,10.8237,72.1760,M
AHA,Maa Mahamaya Airport,Ambikapur,IN,AS,22.9875,83.1961,M
AHB,Abha International Airport,Abha,SA,AS,18.2404,42.6566,L
AHE,Ahe Airport,Ahe Atoll,PF,OC,-14.4281,-146.2570,M
AHO,Alghero-Fertilia Airport,Alghero,IT,EU,40.6321,8.2908,M
AHU,Cherif Al Idrissi Airport,Al Hoceima,MA,AF,35.1771,-3.8395,M
AIA,Alliance Municipal Airport,Alliance,US,NA,42.0525,-102.8040,M
AIN,Wainwright Airport,Wainwright,US,NA,70.6380,-159.9950,M
AJA,Ajaccio Napoléon Bonaparte airport,Ajaccio,FR,EU,41.9236,8.8029,M
AJF,Al-Jawf International Airport,Al-Jawf,SA,AS,29.7833,40.1009,L
AJI,Ağrı Airport,Ağrı,TR,AS,39.6556,43.0257,M
AJL,Lengpui Airport,Aizawl (Lengpui),IN,AS,23.8406,92.6197,M
AJN,Ouani Airport,Ouani,KM,AF,-12.1310,44.4300,M
AJR,Arvidsjaur Airport,Arvidsjaur,SE,EU,65.5903,19.2819,M
AJU,Aracaju - Santa Maria Airport,Aracaju,BR,SA,-10.9839,-37.0729,M
AKF,Kufra Airport,Kufra,LY,AF,24.1787,23.3140,M
AKJ,Asahikawa Airport,Higashikagura,JP,AS,43.6708,142.4470,M
AKL,Auckland International Airport,Auckland,NZ,OC,-37.0120,174.7863,L
AKN,King Salmon Airport,King Salmon,US,NA,58.6778,-156.6520,M
AKP,Anaktuvuk Pass Airport,Anaktuvuk Pass,US,NA,68.1336,-151.7430,M
AKR,Akure Airport,Akure,NG,AF,7.2467,5.3010,M
AKU,Aksu Hongqipo Airport,Aksu (Onsu),CN,AS,41.2625,80.2917,M
AKX,Aktobe International Airport,Aktobe,KZ,AS,50.2481,57.2041,L
AKY,Sittwe Airport,Sittwe,MM,AS,20.1332,92.8707,M
ALA,Almaty International Airport,Almaty,KZ,AS,43.3543,77.0428,L
ALB,Albany International Airport,Albany,US,NA,42.7483,-73.8017,L
ALC,Alicante-Elche Miguel Hernández Airport,Alicante,ES,EU,38.2822,-0.5582,L
ALF,Alta Airport,Alta,NO,EU,69.9761,23.3717,M
ALG,Houari Boumediene Airport,Algiers,DZ,AF,36.6939,3.2145,L
ALH,Albany Airport,Albany,AU,OC,-34.9433,117.8089,M
ALO,Waterloo Regional Airport,Waterloo,US,NA,42.5571,-92.4003,M
ALP,Aleppo International Airport,Aleppo,SY,AS,36.1813,37.2269,L
ALS,San Luis Valley Regional Airport/Bergman Field,Alamosa,US,NA,37.4349,-105.8670,M
ALW,Walla Walla Regional Airport,Walla Walla,US,NA,46.0949,-118.2880,M
AMA,Rick Husband Amarillo International Airport,Amarillo,US,NA,35.2179,-101.7064,M
AMD,Sardar Vallabh Patel International Airport,Ahmedabad,IN,AS,23.0772,72.6347,L
AMH,Arba Minch Airport,Arba Minch,ET,AF,6.0394,37.5905,M
AMM,Queen Alia International Airport,Amman,JO,AS,31.7226,35.9932,L
AMQ,Pattimura International Airport,Ambon,ID,AS,-3.7103,128.0890,L
AMS,Amsterdam Airport Schiphol,Amsterdam,NL,EU,52.3086,4.7639,L
AMV,Amderma Airport,Amderma,RU,EU,69.7637,61.5567,M
ANC,Ted Stevens Anchorage International Airport,Anchorage,US,NA,61.1790,-149.9926,L
ANF,Andrés Sabella Gálvez International Airport,Antofagasta,CL,SA,-23.4453,-70.4452,L
ANI,Aniak Airport,Aniak,US,NA,61.5816,-159.5430,M
ANR,Antwerp International Airport (Deurne),Antwerp,BE,EU,51.1907,4.4632,M
ANU,V. C. Bird International Airport,Osbourn,AG,NA,17.1367,-61.7927,L
ANV,Anvik Airport,Anvik,US,NA,62.6467,-160.1910,M
ANX,"Andøya Airport, Andenes",Andenes,NO,EU,69.2952,16.1394,M
AOE,Hasan Polatkan Airport,Eskişehir,TR,AS,39.8116,30.5193,L
AOG,Anshan Teng'ao Airport / Anshan Air Base,Anshan,CN,AS,41.1053,122.8540,M
AOI,Marche Airport,Falconara Marittima (AN),IT,EU,43.6163,13.3623,M
AOJ,Aomori Airport,Aomori,JP,AS,40.7338,140.6895,L
AOK,Karpathos Airport,Karpathos Island,GR,EU,35.4214,27.1460,M
AOO,Altoona Blair County Airport,Altoona,US,NA,40.2964,-78.3200,M
AOR,Sultan Abdul Halim Airport,Alor Satar,MY,AS,6.1897,100.3980,M
APL,Nampula Airport,Nampula,MZ,AF,-15.1056,39.2818,L
APN,Alpena County Regional Airport,Alpena,US,NA,45.0781,-83.5603,M
APO,Antonio Roldán Betancur Airport,Carepa,CO,SA,7.8120,-76.7164,M
APW,Faleolo International Airport,Apia,WS,OC,-13.8300,-172.0080,L
AQA,Araraquara Airport,Araraquara,BR,SA,-21.8120,-48.1330,M
AQG,Anqing Tianzhushan Airport / Anqing North Air Base,Anqing,CN,AS,30.5822,117.0500,M
AQI,Qaisumah–Hafar Al-Batin International Airport,Qaisumah,SA,AS,28.3357,46.1271,L
AQJ,King Hussein International Airport,Aqaba,JO,AS,29.6116,35.0181,L
AQP,Rodríguez Ballón International Airport,Arequipa,PE,SA,-16.3408,-71.5695,L
ARC,Arctic Village Airport,Arctic Village,US,NA,68.1147,-145.5790,M
ARH,Talagi Airport,Archangelsk,RU,EU,64.6003,40.7167,M
ARI,Chacalluta International Airport,Arica,CL,SA,-18.3485,-70.3387,M
ARK,Arusha Airport,Arusha,TZ,AF,-3.3678,36.6333,M
ARM,Armidale Airport,Armidale,AU,OC,-30.5281,151.6170,M
ARN,Stockholm-Arlanda Airport,Stockholm,SE,EU,59.6485,17.9288,L
ART,Watertown International Airport,Watertown,US,NA,43.9919,-76.0217,M
ARU,Araçatuba Airport,Araçatuba,BR,SA,-21.1415,-50.4246,M
ARW,Arad International Airport,Arad,RO,EU,46.1761,21.2643,M
ASB,Ashgabat International Airport,Ashgabat,TM,AS,37.9868,58.3610,L
ASD,Andros Town Airport,Andros Town,BS,NA,24.6979,-77.7956,M
ASE,Aspen-Pitkin County Airport (Sardy Field),Aspen,US,NA,39.2232,-106.8690,M
ASF,Astrakhan Narimanovo Boris M. Kustodiev International Airport,Astrakhan,RU,AS,46.2828,48.0105,L
ASI,RAF Ascension Island,Cat Hill,SH,AF,-7.9702,-14.3927,M
ASJ,Amami Airport,Amami,JP,AS,28.4306,129.7130,M
ASM,Asmara International Airport,Asmara,ER,AF,15.2919,38.9107,M
ASO,Asosa Airport,Asosa,ET,AF,10.0185,34.5863,M
ASP,Alice Springs Airport,Alice Springs,AU,OC,-23.8066,133.9034,M
ASR,Kayseri Erkilet International Airport,Kayseri,TR,AS,38.7704,35.4954,L
ASU,Silvio Pettirossi International Airport,Asunción,PY,SA,-25.2402,-57.5192,L
ASV,Amboseli Airport,Ol Tukai,KE,AF,-2.6448,37.2529,M
ASW,Aswan International Airport,Aswan,EG,AF,23.9611,32.8204,L
ATC,Arthur's Town Airport,Arthur's Town,BS,NA,24.6294,-75.6738,M
ATH,Athens Eleftherios Venizelos International Airport,Spata-Artemida,GR,EU,37.9364,23.9445,L
ATK,Atqasuk Edward Burnell Sr Memorial Airport,Atqasuk,US,NA,70.4670,-157.4360,M
ATL,Hartsfield Jackson Atlanta International Airport,Atlanta,US,NA,33.6367,-84.4281,L
ATM,Altamira Interstate Airport,Altamira,BR,SA,-3.2531,-52.2539,M
ATQ,Sri Guru Ram Das Ji International Airport,Amritsar,IN,AS,31.7096,74.7973,L
ATW,Appleton International Airport,Appleton,US,NA,44.2585,-88.5190,M
ATY,Watertown Regional Airport,Watertown,US,NA,44.9140,-97.1547,M
ATZ,Asyut International Airport,Asyut,EG,AF,27.0460,31.0128,L
AUA,Queen Beatrix International Airport,Oranjestad,AW,NA,12.5011,-70.0143,L
AUC,Santiago Perez Airport,Arauca,CO,SA,7.0689,-70.7369,M
AUG,Augusta State Airport,Augusta,US,NA,44.3206,-69.7973,M
AUH,Zayed International Airport,Abu Dhabi,AE,AS,24.4410,54.6492,L
AUQ,Hiva Oa-Atuona Airport,Hiva Oa Island,PF,OC,-9.7688,-139.0110,M
AUR,Aurillac airport,Aurillac,FR,EU,44.8914,2.4219,M
AUS,Austin Bergstrom International Airport,Austin,US,NA,30.1975,-97.6620,L
AUX,Araguaína Airport,Araguaína,BR,SA,-7.2279,-48.2405,M
AVA,Anshun Huangguoshu Airport,Anshun (Xixiu),CN,AS,26.2606,105.8733,M
AVK,Arvaikheer Airport,Arvaikheer,MN,AS,46.2503,102.8020,M
AVL,Asheville Regional Airport,Asheville,US,NA,35.4355,-82.5419,M
AVN,Avignon Caumont airport,Avignon,FR,EU,43.9073,4.9018,M
AVP,Wilkes-Barre/Scranton International Airport,Wilkes-Barre/Scranton,US,NA,41.3371,-75.7242,M
AVR,Amravati  Airport,Amravati,IN,AS,20.8146,77.7178,M
AVV,Melbourne Avalon International Airport,Geelong/Melbourne,AU,OC,-38.0403,144.4672,L
AWA,Hawassa International Airport,Hawassa,ET,AF,7.1006,38.3965,L
AWK,Wake Island Airfield,Wake Island,UM,OC,19.2824,166.6366,M
AWZ,Qasem Soleimani International Airport,Ahvaz,IR,AS,31.3364,48.7638,L
AXA,Clayton J. Lloyd International Airport,The Valley,AI,NA,18.2048,-63.0538,M
AXD,Alexandroupoli Democritus Airport,Alexandroupolis,GR,EU,40.8559,25.9563,M
AXF,Alxa Left Banner Bayanhot Airport,Bayanhot,CN,AS,38.7483,105.5842,M
AXJ,Amakusa Airport,Amakusa,JP,AS,32.4825,130.1590,M
AXM,El Eden Airport,Armenia,CO,SA,4.4528,-75.7664,M
AXP,Spring Point Airport,Spring Point,BS,NA,22.4418,-73.9709,M
AXR,Arutua Airport,,PF,OC,-15.2483,-146.6170,M
AXT,Akita Airport,Akita,JP,AS,39.6156,140.2190,M
AXU,Axum Airport,Axum,ET,AF,14.1468,38.7728,M
AYJ,Maharshi Valmiki International Airport,Faizabad,IN,AS,26.7477,82.1637,M
AYP,Air Force Colonel Alfredo Mendivil Duarte Airport,Ayacucho,PE,SA,-13.1548,-74.2044,M
AYQ,Ayers Rock Connellan Airport,Yulara,AU,OC,-25.1859,130.9770,M
AYT,Antalya International Airport,Antalya,TR,AS,36.8987,30.8005,L
AZA,Mesa Gateway Airport,Mesa,US,NA,33.3078,-111.6550,M
AZD,Shahid Sadooghi Airport,Yazd,IR,AS,31.9049,54.2765,M
AZN,Andijan International Airport,Andijan,UZ,AS,40.7277,72.2940,M
AZO,Kalamazoo/Battle Creek International Airport,Kalamazoo,US,NA,42.2321,-85.5496,M
AZR,Touat-Cheikh Sidi Mohamed Belkebir Airport,Adrar,DZ,AF,27.8376,-0.1864,M
AZS,Samaná El Catey International Airport,Samana,DO,NA,19.2693,-69.7374,M
BAH,Bahrain International Airport,Manama,BH,AS,26.2673,50.6376,L
BAL,Batman Airport,Batman,TR,AS,37.9290,41.1166,M
BAQ,Ernesto Cortissoz International Airport,Barranquilla,CO,SA,10.8896,-74.7808,L
BAR,Qionghai Bo'ao Airport,Qionghai (Basuo),CN,AS,19.1410,110.4528,M
BAV,Baotou Donghe International Airport,Baotou,CN,AS,40.5600,109.9970,L
BAX,Barnaul Gherman Titov International Airport,Barnaul,RU,AS,53.3613,83.5397,L
BAY,Maramureș International Airport,Tăuții-Măgherăuș,RO,EU,47.6584,23.4644,M
BBA,Balmaceda Airport,Balmaceda,CL,SA,-45.9160,-71.6895,M
BBI,Biju Patnaik International Airport,Bhubaneswar,IN,AS,20.2510,85.8147,L
BBK,Kasane International Airport,Kasane,BW,AF,-17.8317,25.1662,L
BBM,Battambang Airport,Battambang,KH,AS,13.0956,103.2240,M
BBN,Bario Airport,Bario,MY,AS,3.7346,115.4785,M
BBO,Berbera Airport,Berbera,SO,AF,10.3850,44.9367,M
BBQ,Burton-Nibbs International Airport,Codrington,AG,NA,17.6212,-61.7983,M
BBU,Bucharest Băneasa Aurel Vlaicu International Airport,Bucharest,RO,EU,44.5031,26.1029,L
BCA,Gustavo Rizo Airport,Baracoa,CU,NA,20.3653,-74.5062,M
BCD,Bacolod-Silay International Airport,Bacolod City,PH,AS,10.7762,123.0189,L
BCH,Baucau Airport,Baucau,TL,AS,-8.4865,126.4000,M
BCI,Barcaldine Airport,Barcaldine,AU,OC,-23.5663,145.3021,M
BCM,Bacău George Enescu International  Airport,Bacău,RO,EU,46.5219,26.9103,L
BCN,Josep Tarradellas Barcelona-El Prat Airport,Barcelona,ES,EU,41.2971,2.0785,L
BCO,Jinka Airport,Jinka,ET,AF,5.7497,36.5602,M
BCU,Sir Abubakar Tafawa Balewa Bauchi State International Airport,Bauchi,NG,AF,10.4828,9.7440,L
BDA,L.F. Wade International Airport,Hamilton,BM,NA,32.3638,-64.6782,L
BDB,Bundaberg Airport,Bundaberg,AU,OC,-24.9050,152.3226,M
BDH,Bandar Lengeh International Airport,Bandar Lengeh,IR,AS,26.5323,54.8248,M
BDJ,Syamsudin Noor International Airport,Banjarbaru,ID,AS,-3.4401,114.7612,L
BDL,Bradley International Airport,Hartford,US,NA,41.9386,-72.6880,L
BDO,Husein Sastranegara International Airport,Bandung,ID,AS,-6.9006,107.5760,M
BDQ,Vadodara International Airport,Vadodara,IN,AS,22.3362,73.2263,L
BDS,Brindisi Airport,Brindisi,IT,EU,40.6576,17.9470,L
BDT,Gbadolite Airport,Gbadolite,CD,AF,4.2527,20.9753,M
BDU,Bardufoss Airport,Målselv,NO,EU,69.0558,18.5404,M
BEB,Benbecula Airport,Balivanich,GB,EU,57.4811,-7.3628,M
BED,Laurence G Hanscom Field,Bedford,US,NA,42.4700,-71.2890,M
BEF,Bluefields Airport,Bluefields,NI,NA,11.9910,-83.7741,M
BEG,Belgrade Nikola Tesla Airport,Belgrade,RS,EU,44.8184,20.3091,L
BEJ,Kalimarau Airport,Tanjung Redeb - Borneo Island,ID,AS,2.1478,117.4307,M
BEK,Bareilly Air Force Station,Bareilly,IN,AS,28.4221,79.4508,M
BEL,Val de Cans/Júlio Cezar Ribeiro International Airport,Belém,BR,SA,-1.3793,-48.4762,L
BEM,Beni Mellal Airport,Oulad Yaich,MA,AF,32.4019,-6.3159,L
BEN,Benina International Airport,Benina,LY,AF,32.0968,20.2695,L
BER,Berlin Brandenburg Airport,Berlin,DE,EU,52.3617,13.5023,L
BES,Brest Bretagne airport,Brest,FR,EU,48.4479,-4.4185,L
BET,Bethel Airport,Bethel,US,NA,60.7798,-161.8380,M
BEU,Bedourie Airport,Bedourie,AU,OC,-24.3461,139.4600,M
BEW,Beira International Airport,Beira,MZ,AF,-19.7964,34.9076,L
BEY,Beirut Rafic Hariri International Airport,Beirut,LB,AS,33.8198,35.4874,L
BFD,Bradford Regional Airport,Bradford,US,NA,41.8031,-78.6401,M
BFF,Western Neb. Rgnl/William B. Heilig Airport,Scottsbluff,US,NA,41.8740,-103.5960,M
BFI,King County International Airport - Boeing Field,Seattle,US,NA,47.5270,-122.2999,M
BFJ,Bijie Feixiong Airport,Bijie,CN,AS,27.2671,105.4721,M
BFL,Meadows Field,Bakersfield,US,NA,35.4336,-119.0570,M
BFN,Bram Fischer International Airport,Bloemfontein,ZA,AF,-29.0927,26.3024,L
BFS,Belfast International Airport,Belfast,GB,EU,54.6575,-6.2158,L
BFV,Buri Ram Airport,Buriram,TH,AS,15.2295,103.2530,M
BFY,Bengbu Tenghu Airport,Bengbu,CN,AS,33.1663,117.0583,M
BGA,Palonegro Airport,Bucaramanga,CO,SA,7.1265,-73.1848,M
BGC,Bragança Airport,Bragança,PT,EU,41.8578,-6.7071,M
BGF,Bangui M'Poko International Airport,Bangui,CF,AF,4.3985,18.5188,L
BGG,Bingöl Airport,Bingöl,TR,AS,38.8601,40.5945,M
BGI,Grantley Adams International Airport,Bridgetown,BB,NA,13.0747,-59.4910,L
BGM,Greater Binghamton/Edwin A Link field,Binghamton,US,NA,42.2087,-75.9798,M
BGO,"Bergen Airport, Flesland",Bergen,NO,EU,60.2934,5.2181,L
BGR,Bangor International Airport,Bangor,US,NA,44.8064,-68.8267,M
BGW,Baghdad International Airport / New Al Muthana Air Base,Baghdad,IQ,AS,33.2625,44.2346,L
BGY,Il Caravaggio International Airport,Orio al Serio (BG),IT,EU,45.6694,9.7089,L
BHB,Hancock County-Bar Harbor Airport,Bar Harbor,US,NA,44.4500,-68.3615,M
BHD,George Best Belfast City Airport,Belfast,GB,EU,54.6181,-5.8725,M
BHE,Woodbourne Airport,Blenheim,NZ,OC,-41.5183,173.8700,M
BHH,Bisha Airport,Bisha,SA,AS,19.9844,42.6209,M
BHI,Comandante Espora Airport,Bahía Blanca,AR,SA,-38.7250,-62.1693,M
BHJ,Bhuj Airport,Bhuj,IN,AS,23.2878,69.6702,M
BHK,Bukhara International Airport,Bukhara,UZ,AS,39.7753,64.4823,L
BHM,Birmingham-Shuttlesworth International Airport,Birmingham,US,NA,33.5629,-86.7507,L
BHO,Raja Bhoj International Airport,Bhopal,IN,AS,23.2875,77.3374,L
BHQ,Broken Hill Airport,Broken Hill,AU,OC,-32.0014,141.4720,M
BHS,Bathurst Airport,Bathurst,AU,OC,-33.4068,149.6512,M
BHU,Bhavnagar Airport,Bhavnagar,IN,AS,21.7522,72.1852,M
BHV,Bahawalpur Airport,Bahawalpur,PK,AS,29.3481,71.7180,M
BHX,Birmingham Airport,"Birmingham, West Midlands",GB,EU,52.4539,-1.7480,L
BHY,Beihai Fucheng Airport,Beihai,CN,AS,21.5387,109.2937,M
BIA,Bastia-Poretta International airport,Bastia,FR,EU,42.5527,9.4837,L
BIH,Eastern Sierra Regional Airport,Bishop,US,NA,37.3731,-118.3640,M
BIK,Frans Kaisiepo Airport,Biak,ID,AS,-1.1900,136.1080,M
BIL,Billings Logan International Airport,Billings,US,NA,45.8089,-108.5412,M
BIM,South Bimini Airport,South Bimini,BS,NA,25.6999,-79.2647,M
BIO,Bilbao Airport,Bilbao,ES,EU,43.3011,-2.9106,L
BIQ,Biarritz Pays Basque airport,Biarritz,FR,EU,43.4684,-1.5232,M
BIR,Biratnagar Airport,Biratnagar,NP,AS,26.4815,87.2640,M
BIS,Bismarck Municipal Airport,Bismarck,US,NA,46.7727,-100.7469,M
BJA,Soummam–Abane Ramdane Airport,Béjaïa,DZ,AF,36.7125,5.0699,L
BJB,Bojnord Airport,Bojnord,IR,AS,37.4930,57.3082,M
BJC,Rocky Mountain Metropolitan Airport,Denver,US,NA,39.9088,-105.1170,M
BJF,Båtsfjord Airport,Båtsfjord,NO,EU,70.6003,29.6926,M
BJL,Banjul International Airport,Banjul (Yundum),GM,AF,13.3380,-16.6522,L
BJM,Bujumbura Melchior Ndadaye International Airport,Bujumbura,BI,AF,-3.3240,29.3185,L
BJR,Bahir Dar Airport,Bahir Dar,ET,AF,11.6081,37.3216,M
BJV,Milas Bodrum International Airport,Bodrum,TR,AS,37.2493,27.6640,L
BJX,Guanajuato International Airport,Silao,MX,NA,20.9927,-101.4803,L
BJZ,Badajoz Airport,Badajoz,ES,EU,38.8913,-6.8213,M
BKG,Branson Airport,Branson,US,NA,36.5321,-93.2005,M
BKI,Kota Kinabalu International Airport,Kota Kinabalu,MY,AS,5.9327,116.0493,L
BKK,Suvarnabhumi Airport,Bangkok,TH,AS,13.6811,100.7470,L
BKN,Balkanabat International Airport,Balkanabat,TM,AS,39.6811,54.2060,M
BKO,Modibo Keita International Airport,Bamako,ML,AF,12.5335,-7.9499,L
BKQ,Blackall Airport,Blackall,AU,OC,-24.4317,145.4297,M
BKS,Fatmawati Soekarno Airport,Bengkulu,ID,AS,-3.8637,102.3390,M
BKW,Raleigh County Memorial Airport,Beaver,US,NA,37.7873,-81.1242,M
BLA,General José Antonio Anzoategui International Airport,Barcelona,VE,SA,10.1111,-64.6922,L
BLD,Boulder City Municipal Airport,Boulder City,US,NA,35.9472,-114.8588,M
BLE,Dala Airport,Borlange,SE,EU,60.4220,15.5152,M
BLI,Bellingham International Airport,Bellingham,US,NA,48.7928,-122.5380,M
BLJ,Batna Mostefa Ben Boulaid Airport,Batna,DZ,AF,35.7521,6.3086,L
BLL,Billund Airport,Billund,DK,EU,55.7403,9.1570,L
BLQ,Bologna Guglielmo Marconi Airport,Bologna,IT,EU,44.5354,11.2887,L
BLR,Kempegowda International Airport Bengaluru,Bengaluru,IN,AS,13.1979,77.7063,L
BLV,Scott AFB/Midamerica Airport,Belleville,US,NA,38.5452,-89.8352,M
BLZ,Chileka International Airport,Blantyre,MW,AF,-15.6772,34.9723,L
BMA,Stockholm-Bromma Airport,Stockholm,SE,EU,59.3544,17.9417,M
BME,Broome International Airport,Broome,AU,OC,-17.9492,122.2283,L
BMI,Central Illinois Regional Airport at Bloomington-Normal,Bloomington/Normal,US,NA,40.4771,-88.9159,M
BMU,Sultan Muhammad Salahuddin Airport,Bima,ID,AS,-8.5372,118.6850,M
BMV,Buon Ma Thuot Airport,Buon Ma Thuot,VN,AS,12.6683,108.1200,M
BMW,Bordj Badji Mokhtar Airport,Bordj Badji Mokhtar,DZ,AF,21.3778,0.9270,M
BNA,Nashville International Airport,Nashville,US,NA,36.1245,-86.6782,L
BND,Bandar Abbas International Airport,Bandar Abbas,IR,AS,27.2183,56.3778,L
BNE,Brisbane International Airport,Brisbane,AU,OC,-27.3842,153.1170,L
BNI,Benin Airport,Benin,NG,AF,6.3170,5.5995,M
BNK,Ballina Byron Gateway Airport,Ballina,AU,OC,-28.8332,153.5615,M
BNN,"Brønnøysund Airport, Brønnøy",Brønnøy,NO,EU,65.4611,12.2175,M
BNS,Barinas Airport,Barinas,VE,SA,8.6150,-70.2142,M
BNX,Banja Luka International Airport,Mahovljani,BA,EU,44.9414,17.2975,L
BOB,Bora Bora Airport,Motu Mute,PF,OC,-16.4444,-151.7510,M
BOC,"Bocas del Toro ""Isla Colón"" International Airport",Isla Colón,PA,NA,9.3408,-82.2508,M
BOD,Bordeaux–Mérignac Airport,Bordeaux,FR,EU,44.8287,-0.7154,L
BOG,El Dorado International Airport,Bogota,CO,SA,4.7016,-74.1469,L
BOH,Bournemouth Airport,Bournemouth,GB,EU,50.7805,-1.8396,M
BOI,Boise Air Terminal/Gowen Field,Boise,US,NA,43.5644,-116.2230,L
BOJ,Burgas Airport,Burgas,BG,EU,42.5699,27.5152,L
BOM,Chhatrapati Shivaji Maharaj International Airport,Mumbai,IN,AS,19.0887,72.8679,L
BON,Flamingo International Airport,Kralendijk,BQ,NA,12.1310,-68.2685,L
BOO,Bodø Airport,Bodø,NO,EU,67.2692,14.3653,L
BOR,Bokeo International Airport,Ton Phueng,LA,AS,20.3240,100.1654,M
BOS,Boston Logan International Airport,Boston,US,NA,42.3620,-71.0079,L
BOY,Bobo Dioulasso Airport,Bobo Dioulasso,BF,AF,11.1601,-4.3310,L
BPE,Qinhuangdao Beidaihe Airport,Qinhuangdao (Changli),CN,AS,39.6664,119.0614,M
BPL,Bole Alashankou Airport,Bole,CN,AS,44.8955,82.3001,M
BPN,Sultan Aji Muhammad Sulaiman Sepinggan International Airport,Balikpapan,ID,AS,-1.2683,116.8945,L
BPS,Porto Seguro International Airport,Porto Seguro,BR,SA,-16.4384,-39.0806,L
BPT,Jack Brooks Regional Airport,Beaumont/Port Arthur,US,NA,29.9508,-94.0207,M
BPX,Qamdo Bangda Airport,Bangda,CN,AS,30.5536,97.1083,M
BPY,Besalampy Airport,Besalampy,MG,AF,-16.7445,44.4825,M
BQK,Brunswick Golden Isles Airport,Brunswick,US,NA,31.2588,-81.4665,M
BQL,Boulia Airport,,AU,OC,-22.9133,139.9000,M
BQN,Rafael Hernández International Airport,Aguadilla,PR,NA,18.4949,-67.1294,M
BQS,Ignatyevo Airport,Blagoveschensk,RU,AS,50.4267,127.4155,M
BQT,Brest International Airport,Brest,BY,EU,52.1081,23.8968,L
BQU,J F Mitchell Airport,Bequia,VC,NA,12.9884,-61.2620,M
BRC,Teniente Luis Candelaria International Airport,San Carlos de Bariloche,AR,SA,-41.1512,-71.1575,L
BRD,Brainerd Lakes Regional Airport,Brainerd,US,NA,46.4029,-94.1297,M
BRE,Bremen Airport,Bremen,DE,EU,53.0468,8.7893,L
BRI,Bari Karol Wojtyła International Airport,Bari,IT,EU,41.1389,16.7606,L
BRK,Bourke Airport,,AU,OC,-30.0392,145.9520,M
BRL,Southeast Iowa Regional Airport,Burlington,US,NA,40.7832,-91.1255,M
BRM,Jacinto Lara International Airport,Barquisimeto,VE,SA,10.0427,-69.3586,L
BRN,Bern Airport,Bern,CH,EU,46.9127,7.4988,M
BRO,Brownsville South Padre Island International Airport,Brownsville,US,NA,25.9072,-97.4252,M
BRQ,Brno-Tuřany Airport,Brno,CZ,EU,49.1513,16.6940,M
BRR,Barra Airport,Eoligarry,GB,EU,57.0228,-7.4431,M
BRS,Bristol Airport,Bristol,GB,EU,51.3823,-2.7165,L
BRU,Brussels Airport,Zaventem,BE,EU,50.9014,4.4844,L
BRW,Wiley Post Will Rogers Memorial Airport,Utqiaġvik,US,NA,71.2854,-156.7660,M
BRX,Maria Montez International Airport,Barahona,DO,NA,18.2515,-71.1204,M
BSA,Bender Qassim International Airport,Bosaso,SO,AF,11.2752,49.1392,L
BSB,Presidente Juscelino Kubitschek International Airport,Brasília,BR,SA,-15.8692,-47.9208,L
BSC,José Celestino Mutis Airport,Bahía Solano,CO,SA,6.2029,-77.3947,M
BSD,Baoshan Yunrui Airport,Baoshan (Longyang),CN,AS,25.0533,99.1683,M
BSG,Bata International Airport,Bata,GQ,AF,1.9055,9.8057,L
BSK,Biskra - Mohamed Khider Airport,Biskra,DZ,AF,34.7932,5.7389,L
BSL,EuroAirport Basel–Mulhouse–Freiburg,Bâle / Mulhouse,FR,EU,47.6007,7.5211,L
BSO,Basco Airport,Basco,PH,AS,20.4513,121.9800,M
BSR,Basra International Airport,Basra,IQ,AS,30.5491,47.6621,L
BSZ,Manas International Airport,Bishkek,KG,AS,43.0613,74.4776,L
BTC,Batticaloa International Airport,Batticaloa,LK,AS,7.7051,81.6772,M
BTH,Hang Nadim International Airport,Batam,ID,AS,1.1210,104.1190,L
BTI,Barter Island Long Range Radar Station Airport,Barter Island,US,NA,70.1340,-143.5820,M
BTJ,Sultan Iskandar Muda International Airport,Banda Aceh,ID,AS,5.5251,95.4200,L
BTK,Bratsk Airport,Bratsk,RU,AS,56.3696,101.7018,M
BTM,Bert Mooney Airport,Butte,US,NA,45.9548,-112.4970,M
BTR,Baton Rouge Metropolitan Airport,Baton Rouge,US,NA,30.5332,-91.1496,M
BTS,M. R. Štefánik Airport,Bratislava,SK,EU,48.1702,17.2127,L
BTU,Bintulu Airport,Bintulu,MY,AS,3.1239,113.0200,M
BTV,Patrick Leahy Burlington International Airport,Burlington,US,NA,44.4719,-73.1533,M
BUA,Buka Airport,Buka Island,PG,OC,-5.4223,154.6727,M
BUD,Budapest Liszt Ferenc International Airport,Budapest,HU,EU,47.4302,19.2624,L
BUF,Buffalo Niagara International Airport,Buffalo,US,NA,42.9405,-78.7322,L
BUN,Gerardo Tobar López Airport,Buenaventura,CO,SA,3.8196,-76.9898,M
BUQ,Joshua Mqabuko Nkomo International Airport,Bulawayo,ZW,AF,-20.0163,28.6229,L
BUR,Hollywood Burbank/Bob Hope Airport,Burbank,US,NA,34.2028,-118.3581,L
BUS,Alexander Kartveli Batumi International Airport,Batumi,GE,AS,41.6094,41.6003,L
BUX,Bunia Airport,Bunia,CD,AF,1.5657,30.2207,M
BUZ,Bushehr Airport,Bushehr,IR,AS,28.9448,50.8346,M
BVA,Beauvais-Tillé airport,Beauvais,FR,EU,49.4544,2.1128,L
BVB,Atlas Brasil Cantanhede International Airport,Boa Vista,BR,SA,2.8462,-60.6906,L
BVC,Aristides Pereira International Airport,Rabil,CV,AF,16.1365,-22.8889,L
BVE,Brive Souillac airport,Brive,FR,EU,45.0397,1.4856,M
BVG,Berlevåg Airport,Berlevåg,NO,EU,70.8715,29.0341,M
BVH,Brigadeiro Camarão Airport,Vilhena,BR,SA,-12.6944,-60.0983,M
BVI,Birdsville Airport,,AU,OC,-25.8975,139.3480,M
BVJ,Bovanenkovo Airport,Bovanenkovo,RU,AS,70.3153,68.3336,M
BWA,Gautam Buddha International Airport,Siddharthanagar (Bhairahawa),NP,AS,27.5046,83.4104,L
BWI,Baltimore/Washington International Thurgood Marshall Airport,Baltimore,US,NA,39.1754,-76.6683,L
BWK,Brač Airport,Gornji Humac,HR,EU,43.2845,16.6784,M
BWN,Brunei International Airport,Bandar Seri Begawan,BN,AS,4.9442,114.9280,L
BWO,Balakovo Airport,Balakovo,RU,AS,51.8583,47.7456,M
BWT,Wynyard Airport,Burnie,AU,OC,-40.9970,145.7260,M
BXH,Balkhash Airport,Balkhash,KZ,AS,46.8942,75.0045,M
BXR,Bam Airport,Bam,IR,AS,29.0842,58.4500,M
BXU,Bancasi Airport,Butuan,PH,AS,8.9515,125.4788,M
BXY,Baikonur Krayniy International Airport,Baikonur,KZ,AS,45.6220,63.2108,L
BYK,Bouaké Airport,Bouaké,CI,AF,7.7388,-5.0737,M
BYM,Carlos Manuel de Cespedes Airport,Bayamo,CU,NA,20.3964,-76.6214,M
BYN,Bayankhongor Airport,Bayankhongor,MN,AS,46.1633,100.7040,M
BZE,Philip S. W. Goldson International Airport,Belize City,BZ,NA,17.5400,-88.3036,L
BZG,Ignacy Jan Paderewski Bydgoszcz Airport,Bydgoszcz,PL,EU,53.0968,17.9777,M
BZI,Balıkesir Airport,Balıkesir,TR,AS,39.6193,27.9260,M
BZL,Barisal Airport,Barisal,BD,AS,22.8010,90.3012,M
BZN,Bozeman Yellowstone International Airport,Bozeman,US,NA,45.7789,-111.1537,M
BZO,Bolzano Airport,Bolzano (BZ),IT,EU,46.4592,11.3261,M
BZR,Béziers Vias airport,Béziers,FR,EU,43.3235,3.3539,M
BZV,Maya-Maya International Airport,Brazzaville,CG,AF,-4.2517,15.2530,L
BZX,Bazhong Enyang Airport,Bazhong,CN,AS,31.7384,106.6449,M
CAB,Cabinda Airport,Cabinda,AO,AF,-5.5984,12.1881,M
CAC,Coronel Adalberto Mendes da Silva Airport,Cascavel,BR,SA,-25.0003,-53.5012,M
CAE,Columbia Metropolitan Airport,Columbia,US,NA,33.9382,-81.1230,M
CAG,Cagliari Elmas Airport,Cagliari,IT,EU,39.2515,9.0543,L
CAH,Cà Mau Airport,Ca Mau City,VN,AS,9.1777,105.1778,M
CAI,Cairo International Airport,Cairo,EG,AF,30.1115,31.3967,L
CAJ,Canaima Airport,Canaima,VE,SA,6.2320,-62.8548,M
CAK,Akron Canton Regional Airport,Akron,US,NA,40.9161,-81.4422,M
CAL,Campbeltown Airport,Campbeltown,GB,EU,55.4372,-5.6864,M
CAN,Guangzhou Baiyun International Airport,Guangzhou (Huadu),CN,AS,23.3924,113.2990,L
CAP,Cap Haitien International Airport,Cap Haitien,HT,NA,19.7255,-72.2007,L
CAT,Cascais Airport,Cascais,PT,EU,38.7250,-9.3552,M
CAW,Bartolomeu Lisandro Airport,Campos dos Goytacazes,BR,SA,-21.6983,-41.3017,M
CAY,Cayenne – Félix Eboué Airport,Matoury,GF,SA,4.8200,-52.3613,L
CAZ,Cobar Airport,,AU,OC,-31.5383,145.7940,M
CBB,Jorge Wilsterman International Airport,Cochabamba,BO,SA,-17.4211,-66.1771,L
CBH,Béchar Boudghene Ben Ali Lotfi Airport,Béchar,DZ,AF,31.6457,-2.2699,M
CBO,Cotabato (Awang) Airport,Datu Odin Sinsuat,PH,AS,7.1648,124.2099,M
CBQ,Margaret Ekpo International Airport,Calabar,NG,AF,4.9760,8.3472,M
CBR,Canberra Airport,Canberra,AU,OC,-35.3069,149.1950,M
CBT,Catumbela Airport,Catumbela,AO,AF,-12.4792,13.4869,M
CCC,Jardines Del Rey Airport,Cayo Coco,CU,NA,22.4610,-78.3284,M
CCE,Capital International Airport,New Cairo,EG,AF,30.0647,31.8400,M
CCF,Carcassonne Salvaza Airport,Carcassonne,FR,EU,43.2160,2.3063,M
CCJ,Calicut International Airport,Calicut,IN,AS,11.1360,75.9552,L
CCK,Cocos (Keeling) Islands Airport,West Island,CC,AS,-12.1922,96.8341,L
CCP,Carriel Sur International Airport,Concepcion,CL,SA,-36.7724,-73.0628,L
CCR,Buchanan Field,Concord,US,NA,37.9897,-122.0570,M
CCS,Maiquetía Simón Bolívar International Airport,Maiquetía,VE,SA,10.6022,-66.9912,L
CCU,Netaji Subhash Chandra Bose International Airport,Kolkata,IN,AS,22.6540,88.4476,L
CCZ,Chub Cay Airport,Chub Cay,BS,NA,25.4171,-77.8809,M
CDB,Cold Bay Airport,Cold Bay,US,NA,55.2079,-162.7250,M
CDC,Cedar City Regional Airport,Cedar City,US,NA,37.7010,-113.0990,M
CDE,Chengde Puning Airport,Chengde,CN,AS,41.1225,118.0739,M
CDG,Charles de Gaulle International Airport,"Paris (Roissy-en-France, Val-d'Oise)",FR,EU,49.0090,2.5541,L
CDP,Kadapa Airport,Kadapa,IN,AS,14.5132,78.7692,M
CDR,Chadron Municipal Airport,Chadron,US,NA,42.8376,-103.0950,M
CDT,Castellón-Costa Azahar Airport,Castellón de la Plana,ES,EU,40.2139,0.0733,M
CDV,Merle K (Mudhole) Smith Airport,Cordova,US,NA,60.4918,-145.4780,M
CEB,Mactan Cebu International Airport,Cebu City/Lapu-Lapu City,PH,AS,10.3093,123.9797,L
CEC,Jack Mc Namara Field Airport,Crescent City,US,NA,41.7789,-124.2364,M
CED,Ceduna Airport,,AU,OC,-32.1306,133.7100,M
CEE,Cherepovets Airport,Cherepovets,RU,EU,59.2736,38.0158,M
CEI,Mae Fah Luang - Chiang Rai International Airport,Chiang Rai,TH,AS,19.9523,99.8829,L
CEK,Kurchatov Chelyabinsk International Airport,Chelyabinsk,RU,AS,55.3031,61.5049,L
CEN,Ciudad Obregón International Airport,Ciudad Obregón,MX,NA,27.3926,-109.8330,M
CEZ,Cortez Municipal Airport,Cortez,US,NA,37.3030,-108.6280,M
CFE,Clermont-Ferrand Auvergne airport,Clermont-Ferrand,FR,EU,45.7867,3.1692,L
CFG,Jaime Gonzalez Airport,Cienfuegos,CU,NA,22.1500,-80.4142,M
CFK,Chlef Aboubakr Belkaid International Airport,Chlef,DZ,AF,36.2166,1.3411,L
CFN,Donegal Airport,Donegal,IE,EU,55.0442,-8.3410,M
CFR,Caen Carpiquet airport,Caen,FR,EU,49.1768,-0.4549,M
CFS,Coffs Harbour Airport,Coffs Harbour,AU,OC,-30.3206,153.1160,M
CFU,Corfu Ioannis Kapodistrias International Airport,Kerkyra (Corfu),GR,EU,39.6014,19.9122,L
CGB,Várzea Grande–Marechal Rondon International Airport,Cuiabá,BR,SA,-15.6529,-56.1167,L
CGD,Changde Taohuayuan Airport,Changde (Dingcheng),CN,AS,28.9189,111.6400,M
CGH,Congonhas–Deputado Freitas Nobre Airport,São Paulo,BR,SA,-23.6277,-46.6546,L
CGI,Cape Girardeau Regional Airport,Cape Girardeau,US,NA,37.2253,-89.5708,M
CGK,Soekarno-Hatta International Airport,Jakarta,ID,AS,-6.1256,106.6560,L
CGM,Camiguin Airport,Mambajao,PH,AS,9.2539,124.7091,M
CGN,Cologne Bonn Airport,Köln (Cologne),DE,EU,50.8659,7.1427,L
CGO,Zhengzhou Xinzheng International Airport,Zhengzhou,CN,AS,34.5265,113.8492,L
CGP,Shah Amanat International Airport,Chattogram (Chittagong),BD,AS,22.2496,91.8133,L
CGQ,Changchun Longjia International Airport,Changchun,CN,AS,43.9962,125.6850,L
CGR,Campo Grande Airport,Campo Grande,BR,SA,-20.4700,-54.6740,M
CGY,Laguindingan International Airport,Laguindingan,PH,AS,8.6122,124.4565,L
CHA,Chattanooga Metropolitan Airport (Lovell Field),Chattanooga,US,NA,35.0353,-85.2038,M
CHC,Christchurch International Airport,Christchurch,NZ,OC,-43.4890,172.5321,L
CHG,Chaoyang Airport,"Shuangta, Chaoyang",CN,AS,41.5381,120.4350,M
CHH,Chachapoyas Airport,Chachapoyas,PE,SA,-6.2019,-77.8562,M
CHM,FAP Lieutenant Jaime Andres de Montreuil Morales Airport,Chimbote,PE,SA,-9.1496,-78.5238,M
CHO,Charlottesville Albemarle Airport,Charlottesville,US,NA,38.1386,-78.4529,M
CHQ,Chania International Airport,Souda,GR,EU,35.5312,24.1507,L
CHS,Charleston International Airport,Charleston,US,NA,32.8962,-80.0382,L
CHT,Inia William Tuuta Memorial Airport,Te One,NZ,OC,-43.8119,-176.4651,M
CHX,Changuinola Captain Manuel Niño International Airport,Changuinola,PA,NA,9.4590,-82.5151,M
CIA,Ciampino–G. B. Pastine International Airport,Rome,IT,EU,41.7988,12.5953,L
CID,The Eastern Iowa Airport,Cedar Rapids,US,NA,41.8847,-91.7108,M
CIF,Chifeng Yulong Airport,Chifeng,CN,AS,42.1597,118.8410,M
CIJ,Capitán Aníbal Arab Airport,Cobija,BO,SA,-11.0391,-68.7828,M
CIT,Shymkent International Airport,Shymkent,KZ,AS,42.3650,69.4756,L
CIU,Chippewa County International Airport,Kincheloe,US,NA,46.2420,-84.4621,M
CIW,Canouan Airport,Canouan,VC,NA,12.6990,-61.3424,M
CIX,Capitán FAP José A. Quiñones González International Airport,Chiclayo,PE,SA,-6.7892,-79.8283,L
CIY,Comiso Airport,Comiso,IT,EU,36.9958,14.6089,M
CJA,Mayor General FAP Armando Revoredo Iglesias Airport,Cajamarca,PE,SA,-7.1392,-78.4894,M
CJB,Coimbatore International Airport,Coimbatore,IN,AS,11.0300,77.0434,L
CJC,El Loa Airport,Calama,CL,SA,-22.4982,-68.9036,M
CJJ,Cheongju International Airport/Cheongju Air Base (K-59/G-513),Cheongju,KR,AS,36.7156,127.5003,L
CJL,Chitral Airport,Chitral,PK,AS,35.8862,71.7999,M
CJM,Chumphon Airport,Chumphon,TH,AS,10.7112,99.3617,M
CJS,Abraham González International Airport,Ciudad Juárez,MX,NA,31.6367,-106.4285,L
CJU,Jeju International Airport,Jeju City,KR,AS,33.5121,126.4925,L
CKB,North Central West Virginia Airport,Bridgeport,US,NA,39.2966,-80.2281,M
CKG,Chongqing Jiangbei International Airport,Chongqing,CN,AS,29.7123,106.6519,L
CKH,Chokurdakh Airport,Chokurdah,RU,AS,70.6231,147.9020,M
CKS,Carajás Airport,Parauapebas,BR,SA,-6.1178,-50.0034,M
CKY,Ahmed Sékou Touré International Airport,Conakry,GN,AF,9.5769,-13.6120,L
CKZ,Çanakkale Airport,Çanakkale,TR,AS,40.1377,26.4268,M
CLD,McClellan-Palomar Airport,Carlsbad,US,NA,33.1283,-117.2800,M
CLE,Cleveland Hopkins International Airport,Cleveland,US,NA,41.4117,-81.8498,L
CLJ,Avram Iancu Cluj International Airport,Cluj-Napoca,RO,EU,46.7860,23.6857,L
CLL,Easterwood Field,College Station,US,NA,30.5886,-96.3638,M
CLO,Alfonso Bonilla Aragon International Airport,Cali,CO,SA,3.5427,-76.3819,L
CLQ,Licenciado Miguel de la Madrid International Airport,Colima,MX,NA,19.2770,-103.5770,M
CLT,Charlotte Douglas International Airport,Charlotte,US,NA,35.2140,-80.9431,L
CLY,Calvi Sainte Catherine Airport,Calvi,FR,EU,42.5304,8.7930,M
CMA,Cunnamulla Airport,,AU,OC,-28.0300,145.6220,M
CMB,Bandaranaike International Colombo Airport,Colombo,LK,AS,7.1808,79.8841,L
CME,Ciudad del Carmen International Airport,Ciudad del Carmen,MX,NA,18.6515,-91.7994,M
CMF,Chambéry Aix les Bains airport,Chambéry,FR,EU,45.6381,5.8802,M
CMG,Corumbá International Airport,Corumbá,BR,SA,-19.0119,-57.6728,M
CMH,John Glenn Columbus International Airport,Columbus,US,NA,39.9980,-82.8919,L
CMI,University of Illinois Willard Airport,Savoy,US,NA,40.0398,-88.2762,M
CMN,Mohammed V International Airport,Casablanca,MA,AF,33.3675,-7.5900,L
CMU,Chimbu Airport,Kundiawa,PG,OC,-6.0243,144.9710,M
CMW,Ignacio Agramonte International Airport,Camaguey,CU,NA,21.4199,-77.8480,L
CMX,Houghton County Memorial Airport,Hancock,US,NA,47.1684,-88.4891,M
CNB,Coonamble Airport,,AU,OC,-30.9809,148.3778,M
CND,Mihail Kogălniceanu International Airport,Constanța,RO,EU,44.3622,28.4883,L
CNF,Tancredo Neves International Airport,Belo Horizonte,BR,SA,-19.6357,-43.9669,L
CNJ,Cloncurry Airport,Cloncurry,AU,OC,-20.6686,140.5040,M
CNM,Cavern City Air Terminal,Carlsbad,US,NA,32.3375,-104.2630,M
CNN,Kannur International Airport,Kannur,IN,AS,11.9163,75.5450,L
CNP,Neerlerit Inaat Airport,Neerlerit Inaat,GL,NA,70.7431,-22.6505,M
CNQ,Corrientes Airport,Corrientes,AR,SA,-27.4455,-58.7619,M
CNS,Cairns International Airport,Cairns,AU,OC,-16.8789,145.7495,L
CNX,Chiang Mai International Airport,Chiang Mai,TH,AS,18.7668,98.9626,L
CNY,Canyonlands Regional Airport,Moab,US,NA,38.7550,-109.7550,M
COD,Yellowstone Regional Airport,Cody,US,NA,44.5202,-109.0240,M
COK,Cochin International Airport,Kochi,IN,AS,10.1510,76.4008,L
COO,Cotonou Cadjehoun International Airport,Cotonou,BJ,AF,6.3572,2.3843,L
COQ,Choibalsan Airport,,MN,AS,48.1354,114.6472,M
COR,Ingeniero Aeronáutico Ambrosio L.V. Taravella International Airport,Cordoba,AR,SA,-31.3123,-64.2083,L
COS,City of Colorado Springs Municipal Airport,Colorado Springs,US,NA,38.8058,-104.7010,L
COU,Columbia Regional Airport,Columbia,US,NA,38.8181,-92.2196,M
COV,Çukurova International Airport,Tarsus,TR,AS,36.8915,35.0712,L
CPC,Aviador C. Campos Airport,Chapelco/San Martin de los Andes,AR,SA,-40.0754,-71.1373,M
CPD,Coober Pedy Airport,Coober Pedy,AU,OC,-29.0383,134.7222,M
CPE,Ingeniero Alberto Acuña Ongay International Airport,Campeche,MX,NA,19.8160,-90.5001,M
CPH,Copenhagen Kastrup Airport,Copenhagen,DK,EU,55.6179,12.6560,L
CPO,Desierto de Atacama Airport,Copiapo,CL,SA,-27.2612,-70.7792,M
CPR,Casper-Natrona County International Airport,Casper,US,NA,42.9074,-106.4616,M
CPT,Cape Town International Airport,Cape Town,ZA,AF,-33.9740,18.6043,L
CPV,Presidente João Suassuna Airport,Campina Grande,BR,SA,-7.2697,-35.8961,M
CPX,Benjamin Rivera Noriega Airport,Culebra,PR,NA,18.3130,-65.3039,M
CQW,Chongqing Xiannüshan Airport,Wulong,CN,AS,29.4657,107.6937,M
CRA,Craiova International Airport,Craiova,RO,EU,44.3181,23.8886,L
CRD,General Enrique Mosconi International Airport,Comodoro Rivadavia,AR,SA,-45.7869,-67.4634,L
CRI,Colonel Hill Airport,Colonel Hill,BS,NA,22.7456,-74.1824,M
CRK,Clark International Airport / Clark Air Base,Mabalacat,PH,AS,15.1860,120.5600,L
CRL,Brussels South Charleroi Airport,Charleroi,BE,EU,50.4620,4.4596,L
CRM,Catarman National Airport,Catarman,PH,AS,12.5016,124.6353,M
CRP,Corpus Christi International Airport,Corpus Christi,US,NA,27.7704,-97.5012,M
CRV,Crotone Sant'Anna Pythagoras Airport,Isola di Capo Rizzuto (KR),IT,EU,38.9972,17.0802,M
CRW,Yeager Airport,Charleston,US,NA,38.3731,-81.5932,M
CRZ,Türkmenabat International Airport,Türkmenabat,TM,AS,38.9307,63.5640,L
CSG,Columbus Airport,Columbus,US,NA,32.5164,-84.9396,M
CSK,Cap Skirring Airport,Cap Skirring,SN,AF,12.3953,-16.7480,M
CSW,Cabo San Lucas International Airport,Cabo San Lucas,MX,NA,22.9491,-109.9395,M
CSX,Changsha Huanghua International Airport,Changsha (Changsha),CN,AS,28.1892,113.2200,L
CSY,Cheboksary Airport,Cheboksary,RU,AS,56.0903,47.3473,M
CTA,Catania-Fontanarossa Airport,Catania,IT,EU,37.4668,15.0664,L
CTC,Coronel Felipe Varela International Airport,Catamarca,AR,SA,-28.5931,-65.7512,M
CTD,Alonso Valderrama Airport,Chitré,PA,NA,7.9878,-80.4098,M
CTG,Rafael Nuñez International Airport,Cartagena,CO,SA,10.4424,-75.5130,L
CTL,Charleville Airport,Charleville,AU,OC,-26.4133,146.2620,M
CTM,Chetumal International Airport,Chetumal,MX,NA,18.5050,-88.3280,M
CTN,Cooktown Airport,,AU,OC,-15.4436,145.1832,M
CTS,New Chitose Airport,Sapporo,JP,AS,42.7748,141.6904,L
CTU,Chengdu Shuangliu International Airport,Chengdu (Shuangliu),CN,AS,30.5583,103.9460,L
CUC,Camilo Daza International Airport,Cúcuta,CO,SA,7.9276,-72.5115,M
CUE,Mariscal Lamar Airport,Cuenca,EC,SA,-2.8895,-78.9844,M
CUF,Cuneo International Airport,Levaldigi (CN),IT,EU,44.5475,7.6230,M
CUK,Caye Caulker Airport,Caye Caulker,BZ,NA,17.7350,-88.0329,M
CUL,Bachigualato Federal International Airport,Culiacán,MX,NA,24.7650,-107.4752,L
CUM,Antonio José de Sucre Airport,Cumaná,VE,SA,10.4503,-64.1305,M
CUN,Cancún International Airport,Cancún,MX,NA,21.0408,-86.8735,L
CUP,General Francisco Bermúdez Airport,Carúpano,VE,SA,10.6600,-63.2617,M
CUQ,Coen Airport,Coen,AU,OC,-13.7611,143.1133,M
CUR,Hato International Airport,Willemstad,CW,NA,12.1889,-68.9598,L
CUU,General Roberto Fierro Villalobos International Airport,Chihuahua,MX,NA,28.7026,-105.9638,L
CUZ,Alejandro Velasco Astete International Airport,Cusco,PE,SA,-13.5357,-71.9388,L
CVG,Cincinnati Northern Kentucky International Airport,Cincinnati / Covington,US,NA,39.0488,-84.6678,L
CVM,General Pedro Jose Mendez International Airport,Ciudad Victoria,MX,NA,23.7033,-98.9565,M
CVN,Clovis Municipal Airport,Clovis,US,NA,34.4266,-103.0788,M
CVQ,Carnarvon Airport,Carnarvon,AU,OC,-24.8843,113.6664,M
CWA,Central Wisconsin Airport,Mosinee,US,NA,44.7774,-89.6702,M
CWB,Curitiba-Afonso Pena International Airport,Curitiba,BR,SA,-25.5285,-49.1758,L
CWJ,Cangyuan Washan Airport,Lincang (Cangyuan),CN,AS,23.2763,99.3732,M
CWL,Cardiff International Airport,Cardiff,GB,EU,51.3967,-3.3433,L
CXB,Cox's Bazar Airport,Cox's Bazar,BD,AS,21.4575,91.9633,M
CXI,Cassidy International Airport,Kiritimati,KI,OC,1.9863,-157.3500,L
CXJ,Hugo Cantergiani Regional Airport,Caxias Do Sul,BR,SA,-29.1972,-51.1876,M
CXP,Tunggul Wulung Airport,Cilacap,ID,AS,-7.6451,109.0340,M
CXR,Cam Ranh International Airport / Cam Ranh Air Base,Nha Trang/nha Trang aiurportCam Ranh,VN,AS,11.9982,109.2190,L
CYA,Antoine-Simon International Airport,Les Cayes,HT,NA,18.2711,-73.7883,M
CYB,Charles Kirkconnell International Airport,West End,KY,NA,19.6870,-79.8828,M
CYC,Caye Chapel Airport,Caye Chapel,BZ,NA,17.6838,-88.0450,M
CYI,Chiayi Airport,Shuishang,TW,AS,23.4626,120.3905,M
CYO,Vilo Acuña International Airport,Cayo Largo del Sur,CU,NA,21.6165,-81.5460,M
CYP,Calbayog Airport,Calbayog City,PH,AS,12.0726,124.5451,M
CYS,Cheyenne Regional Jerry Olson Field,Cheyenne,US,NA,41.1557,-104.8120,M
CYX,Cherskiy Airport,Cherskiy,RU,AS,68.7406,161.3380,M
CYZ,Cauayan Airport,Cauayan City,PH,AS,16.9299,121.7530,M
CZE,José Leonardo Chirinos Airport,Coro,VE,SA,11.4149,-69.6809,M
CZH,Corozal Airport,Corozal,BZ,NA,18.3822,-88.4119,M
CZL,Mohamed Boudiaf International Airport,Constantine,DZ,AF,36.2760,6.6204,L
CZM,Cozumel International Airport,Cozumel,MX,NA,20.5149,-86.9285,L
CZS,Cruzeiro do Sul Airport,Cruzeiro Do Sul,BR,SA,-7.5999,-72.7695,M
CZU,Las Brujas Airport,Corozal,CO,SA,9.3327,-75.2856,M
CZX,Changzhou Benniu International Airport,Changzhou,CN,AS,31.9205,119.7755,M
DAB,Daytona Beach International Airport,Daytona Beach,US,NA,29.1825,-81.0595,M
DAC,Hazrat Shahjalal International Airport,Dhaka,BD,AS,23.8433,90.3978,L
DAD,Da Nang International Airport,Da Nang,VN,AS,16.0439,108.1990,L
DAL,Dallas Love Field,Dallas,US,NA,32.8448,-96.8477,L
DAM,Damascus International Airport,Damascus,SY,AS,33.4115,36.5156,L
DAR,Julius Nyerere International Airport,Dar es Salaam,TZ,AF,-6.8735,39.2073,L
DAT,Datong Yungang International Airport,Datong,CN,AS,40.0614,113.4805,L
DAU,Daru Airport,Daru,PG,OC,-9.0868,143.2080,M
DAV,Enrique Malek International Airport,David,PA,NA,8.3890,-82.4364,M
DAY,James M. Cox Dayton International Airport,Dayton,US,NA,39.9024,-84.2194,M
DBB,El Alamein International Airport,El Alamein,EG,AF,30.9243,28.4616,L
DBC,Baicheng Chang'an Airport,Baicheng,CN,AS,45.5053,123.0197,M
DBO,Dubbo City Regional Airport,Dubbo,AU,OC,-32.2167,148.5750,M
DBQ,Dubuque Regional Airport,Dubuque,US,NA,42.4020,-90.7095,M
DBR,Darbhanga Airport,Darbhanga,IN,AS,26.1928,85.9169,M
DBV,Dubrovnik Ruđer Bošković Airport,Dubrovnik,HR,EU,42.5622,18.2655,L
DCA,Ronald Reagan Washington National Airport,Washington,US,NA,38.8521,-77.0377,L
DCF,Canefield Airport,Canefield,DM,NA,15.3367,-61.3921,M
DCM,Castres Mazamet Airport,Castres,FR,EU,43.5563,2.2892,M
DCY,Daocheng Yading Airport,Garzê (Daocheng),CN,AS,29.3163,100.0603,M
DDC,Dodge City Regional Airport,Dodge City,US,NA,37.7634,-99.9656,M
DDG,Dandong Langtou International Airport,Dandong (Zhenxing),CN,AS,40.0255,124.2867,M
DDR,Shigatse Tingri Airport,Xigazê (Dingri),CN,AS,28.6046,86.7980,M
DEA,Dera Ghazi Khan Airport,Dera Ghazi Khan,PK,AS,29.9610,70.4859,M
DEB,Debrecen International Airport,Debrecen,HU,EU,47.4895,21.6163,L
DEC,Decatur Airport,Decatur,US,NA,39.8346,-88.8657,M
DED,Dehradun Jolly Grant Airport,Dehradun (Jauligrant),IN,AS,30.1892,78.1767,M
DEF,Dezful Airport,Dezful,IR,AS,32.4344,48.3976,M
DEL,Indira Gandhi International Airport,New Delhi,IN,AS,28.5556,77.0952,L
DEN,Denver International Airport,Denver,US,NA,39.8600,-104.6738,L
DFW,Dallas Fort Worth International Airport,Dallas-Fort Worth,US,NA,32.8968,-97.0380,L
DGA,Dangriga Airport,Dangriga,BZ,NA,16.9825,-88.2310,M
DGO,General Guadalupe Victoria International Airport,Durango,MX,NA,24.1255,-104.5279,M
DGT,Sibulan Airport,Dumaguete City,PH,AS,9.3342,123.3019,M
DHM,Kangra Airport,Kangra,IN,AS,32.1649,76.2630,M
DHN,Dothan Regional Airport,Dothan,US,NA,31.3213,-85.4496,M
DHX,Dhoho International Airport,Kediri,ID,AS,-7.7495,111.9468,M
DIA,Doha International Airport,Doha,QA,AS,25.2594,51.5655,L
DIB,Dibrugarh Airport,Dibrugarh,IN,AS,27.4839,95.0169,M
DIE,Arrachart Airport,Antisiranana,MG,AF,-12.3494,49.2917,M
DIG,Diqing Shangri-La Airport,Diqing (Shangri-La),CN,AS,27.7936,99.6772,M
DIK,Dickinson Theodore Roosevelt Regional Airport,Dickinson,US,NA,46.7975,-102.8019,M
DIL,Presidente Nicolau Lobato International Airport,Dili,TL,AS,-8.5466,125.5245,L
DIN,Dien Bien Phu Airport,Dien Bien Phu,VN,AS,21.3975,103.0080,M
DIR,Aba Tenna Dejazmach Yilma International Airport,Dire Dawa,ET,AF,9.6235,41.8550,L
DIY,Diyarbakır Airport,Diyarbakır,TR,AS,37.8939,40.2010,M
DJE,Djerba Zarzis International Airport,Mellita,TN,AF,33.8737,10.7773,L
DJG,Tiska Djanet Airport,Djanet,DZ,AF,24.2854,9.4637,L
DJJ,Dortheys Hiyo Eluay International Airport,Sentani,ID,AS,-2.5796,140.5199,L
DJT,President Donald J. Trump International Airport,West Palm Beach,US,NA,26.6832,-80.0956,L
DKA,Umaru Musa Yar'adua Airport,Katsina,NG,AF,13.0078,7.6604,M
DLA,Douala International Airport,Douala,CM,AF,4.0061,9.7195,L
DLC,Dalian Zhoushuizi International Airport,Dalian (Ganjingzi),CN,AS,38.9657,121.5385,L
DLE,Dole Tavaux Airport,Dole,FR,EU,47.0390,5.4276,M
DLG,Dillingham Airport,Dillingham,US,NA,59.0447,-158.5050,M
DLH,Duluth International Airport,Duluth,US,NA,46.8419,-92.1987,M
DLI,Lien Khuong Airport,Da Lat,VN,AS,11.7506,108.3670,M
DLM,Dalaman International Airport,Dalaman,TR,AS,36.7131,28.7925,L
DLU,Dali Fengyi Airport,Dali (Xiaguan),CN,AS,25.6494,100.3190,M
DLZ,Dalanzadgad Airport,Dalanzadgad,MN,AS,43.6086,104.3677,M
DMB,Taraz International Airport,Taraz,KZ,AS,42.8536,71.3036,L
DME,Domodedovo International Airport,Moscow,RU,EU,55.4088,37.9063,L
DMK,Don Mueang International Airport,Bangkok,TH,AS,13.9126,100.6070,L
DMM,King Fahd International Airport,Ad Dammam,SA,AS,26.4691,49.7982,L
DMU,Dimapur Airport,Dimapur,IN,AS,25.8839,93.7711,M
DND,Dundee Airport,Dundee,GB,EU,56.4525,-3.0258,M
DNH,Dunhuang Mogao International Airport,Dunhuang,CN,AS,40.1620,94.8128,L
DNZ,Çardak Airport,Denizli,TR,AS,37.7856,29.7013,M
DOD,Dodoma Airport,Dodoma,TZ,AF,-6.1706,35.7560,M
DOG,Dongola Airport,Dongola,SD,AF,19.1537,30.4301,M
DOH,Hamad International Airport,Doha,QA,AS,25.2731,51.6081,L
DOL,Deauville Normandie airport,Deauville,FR,EU,49.3652,0.1545,M
DOM,Douglas-Charles Airport,Marigot,DM,NA,15.5467,-61.3011,M
DOV,Dover Civil Air Terminal/Dover Air Force Base,Dover,US,NA,39.1295,-75.4660,M
DOY,Dongying Shengli Airport,Dongying (Kenli),CN,AS,37.5014,118.7899,M
DPL,Dipolog Airport,Dipolog,PH,AS,8.6020,123.3419,M
DPO,Devonport Airport,Devonport,AU,OC,-41.1697,146.4300,M
DPS,Denpasar I Gusti Ngurah Rai International Airport,"Kuta, Badung",ID,AS,-8.7484,115.1671,L
DQM,Duqm International Airport,Duqm,OM,AS,19.5019,57.6342,L
DRG,Deering Airport,Deering,US,NA,66.0689,-162.7669,M
DRO,Durango La Plata County Airport,Durango,US,NA,37.1515,-107.7540,M
DRP,Bicol International Airport,Legazpi,PH,AS,13.1119,123.6768,L
DRS,Dresden Airport,Dresden,DE,EU,51.1341,13.7678,L
DRW,Darwin International Airport / RAAF Darwin,Darwin,AU,OC,-12.4150,130.8818,L
DSI,Destin Executive Airport,Destin,US,NA,30.4001,-86.4715,M
DSM,Des Moines International Airport,Des Moines,US,NA,41.5340,-93.6567,L
DSN,Ordos Ejin Horo International Airport,Ordos,CN,AS,39.4935,109.8599,L
DSO,Sondok Airport,Sŏndŏng-ni,KP,AS,39.7452,127.4740,M
DSS,Blaise Diagne International Airport,Dakar,SN,AF,14.6709,-17.0728,L
DSY,Dara Sakor International Airport,Ta Noun,KH,AS,10.9142,103.2267,L
DTM,Dortmund Airport,Dortmund,DE,EU,51.5183,7.6122,L
DTU,Wudalianchi Dedu Airport,Heihe,CN,AS,48.4410,126.1284,M
DTW,Detroit Metropolitan Wayne County Airport,Detroit,US,NA,42.2138,-83.3538,L
DUB,Dublin Airport,Dublin,IE,EU,53.4287,-6.2621,L
DUD,Dunedin International Airport,Dunedin,NZ,OC,-45.9290,170.1978,M
DUE,Dundo Airport,Chitato,AO,AF,-7.4009,20.8185,M
DUJ,DuBois Regional Airport,Dubois,US,NA,41.1783,-78.8987,M
DUM,Pinang Kampai Airport,Dumai,ID,AS,1.6090,101.4335,M
DUR,King Shaka International Airport,Durban,ZA,AF,-29.6144,31.1197,L
DUS,Düsseldorf Airport,Düsseldorf,DE,EU,51.2895,6.7668,L
DUT,Tom Madsen (Dutch Harbor) Airport,Unalaska,US,NA,53.8988,-166.5450,M
DVL,Devils Lake Regional Airport,Devils Lake,US,NA,48.1155,-98.9088,M
DVO,Francisco Bangoy International Airport,Davao,PH,AS,7.1255,125.6460,L
DWC,Al Maktoum International Airport,Dubai(Jebel Ali),AE,AS,24.8962,55.1624,L
DWD,Dawadmi Domestic Airport,Dawadmi,SA,AS,24.4499,44.1212,M
DXB,Dubai International Airport,Dubai,AE,AS,25.2498,55.3710,L
DXN,Noida International Airport,Gautam Buddha Nagar,IN,AS,28.1799,77.6118,L
DYG,Zhangjiajie Hehua International Airport,Zhangjiajie (Yongding),CN,AS,29.1047,110.4428,L
DYR,Ugolny Yuri Ryktheu Airport,Anadyr,RU,AS,64.7349,177.7410,M
DYU,Dushanbe International Airport,Dushanbe,TJ,AS,38.5437,68.8230,L
DZA,Dzaoudzi Pamandzi International Airport,Dzaoudzi,YT,AF,-12.8093,45.2818,L
DZH,Dazhou Jinya Airport,Dazhou (Dachuan),CN,AS,31.0488,107.4356,M
DZN,Zhezkazgan National Airport,Zhezkazgan,KZ,AS,47.7090,67.7381,L
EAM,Najran Domestic Airport,Najran,SA,AS,17.6114,44.4192,M
EAR,Kearney Regional Airport,Kearney,US,NA,40.7270,-99.0068,M
EAS,San Sebastián Airport,Hondarribia,ES,EU,43.3565,-1.7906,M
EAT,Pangborn Memorial Airport,Wenatchee,US,NA,47.3989,-120.2070,M
EAU,Chippewa Valley Regional Airport,Eau Claire,US,NA,44.8658,-91.4843,M
EBA,Marina di Campo Airport,Campo nell'Elba (LI),IT,EU,42.7609,10.2398,M
EBB,Entebbe International Airport,Entebbe,UG,AF,0.0424,32.4435,L
EBD,El-Obeid Airport,El-Obeid,SD,AF,13.1532,30.2327,M
EBJ,Esbjerg Airport,Esbjerg,DK,EU,55.5259,8.5534,M
EBL,Erbil International Airport,Arbil,IQ,AS,36.2360,43.9466,L
ECN,Ercan International Airport,Tymbou (Kirklar),CY,AS,35.1531,33.5074,L
ECP,Northwest Florida Beaches International Airport,Panama City Beach,US,NA,30.3571,-85.7954,M
EDI,Edinburgh Airport,"Ingliston, Edinburgh",GB,EU,55.9501,-3.3723,L
EDL,Eldoret International Airport,Eldoret,KE,AF,0.4045,35.2389,L
EDO,Balıkesir Koca Seyit Airport,Edremit,TR,AS,39.5525,27.0102,L
EFL,Kefallinia Airport,Kefallinia Island,GR,EU,38.1201,20.5005,M
EGC,Bergerac Dordogne-Périgord airport,Bergerac,FR,EU,44.8253,0.5186,M
EGE,Eagle County Regional Airport,Eagle,US,NA,39.6426,-106.9180,M
EGS,Egilsstaðir Airport,Egilsstaðir,IS,EU,65.2833,-14.4014,M
EGX,Egegik Airport,Egegik,US,NA,58.1844,-157.3749,M
EHU,Ezhou Huahu International Airport,Ezhou,CN,AS,30.3412,115.0393,L
EIE,Yeniseysk Airport,Yeniseysk,RU,AS,58.4742,92.1125,M
EIN,Eindhoven Airport,Eindhoven,NL,EU,51.4501,5.3745,L
EIS,Terrance B. Lettsome International Airport,Beef Island,VG,NA,18.4455,-64.5417,L
EJA,Yariguíes Airport,Barrancabermeja,CO,SA,7.0243,-73.8068,M
EJH,Al Wajh Domestic Airport,Al Wajh,SA,AS,26.1986,36.4764,M
EKO,Elko Regional Airport,Elko,US,NA,40.8249,-115.7920,M
ELC,Elcho Island Airport,Elcho Island,AU,OC,-12.0194,135.5710,M
ELD,South Arkansas Regional Airport at Goodwin Field,El Dorado,US,NA,33.2210,-92.8133,M
ELF,El Fasher Airport,El Fasher,SD,AF,13.6149,25.3246,M
ELG,El Golea Airport,El Menia,DZ,AF,30.5807,2.8616,M
ELH,North Eleuthera Airport,North Eleuthera,BS,NA,25.4758,-76.6808,M
ELM,Elmira Corning Regional Airport,Elmira/Corning,US,NA,42.1599,-76.8916,M
ELP,El Paso International Airport,El Paso,US,NA,31.8099,-106.3756,L
ELQ,Prince Naif bin Abdulaziz International Airport,Qassim,SA,AS,26.3028,43.7744,L
ELS,King Phalo Airport,East London,ZA,AF,-33.0356,27.8259,L
ELU,Guemar Airport - مطار قمار بالوادي,Guemar,DZ,AF,33.5114,6.7768,M
EMA,East Midlands Airport,"Nottingham, Leicestershire",GB,EU,52.8311,-1.3281,L
EMD,Emerald Airport,Emerald,AU,OC,-23.5675,148.1790,M
EMK,Emmonak Airport,Emmonak,US,NA,62.7861,-164.4910,M
ENA,Kenai Municipal Airport,Kenai,US,NA,60.5709,-151.2452,M
ENF,Enontekio Airport,Enontekio,FI,EU,68.3626,23.4243,M
ENH,Enshi Xujiaping Airport,Enshi (Enshi),CN,AS,30.3203,109.4850,M
ENO,Teniente Ramon A. Ayub Gonzalez International Airport,Encarnación,PY,SA,-27.2275,-55.8376,L
ENU,Akanu Ibiam International Airport,Enegu,NG,AF,6.4737,7.5605,L
ENY,Yan'an Nanniwan Airport,Yan'an (Baota),CN,AS,36.4794,109.4641,M
EOH,Enrique Olaya Herrera Airport,Medellín,CO,SA,6.2197,-75.5906,M
EOI,Eday Airport,Eday,GB,EU,59.1906,-2.7722,M
EPR,Esperance Airport,Esperance,AU,OC,-33.6844,121.8230,M
EPU,Pärnu Airport,Pärnu,EE,EU,58.4190,24.4728,M
EQS,Esquel Brigadier Antonio Parodi International Airport,Esquel,AR,SA,-42.9080,-71.1395,M
ERC,Erzincan Airport,Erzincan,TR,AS,39.7102,39.5270,M
ERF,Erfurt-Weimar Airport,Erfurt,DE,EU,50.9783,10.9607,L
ERH,Moulay Ali Cherif Airport,Errachidia,MA,AF,31.9475,-4.3983,M
ERI,Erie International Tom Ridge Field,Erie,US,NA,42.0831,-80.1739,M
ERL,Erenhot Saiwusu International Airport,Erenhot,CN,AS,43.4241,112.0911,M
ERS,Eros Airport,Windhoek,NA,AF,-22.6049,17.0790,M
ERZ,Erzurum International Airport,Erzurum,TR,AS,39.9565,41.1702,M
ESB,Esenboğa International Airport,Ankara,TR,AS,40.1281,32.9951,L
ESC,Delta County Airport,Escanaba,US,NA,45.7232,-87.0886,M
ESD,Orcas Island Airport,Eastsound,US,NA,48.7082,-122.9100,M
ESL,Elista Airport,Elista,RU,EU,46.3739,44.3309,M
ESM,Carlos Concha Torres International Airport,Tachina,EC,SA,0.9785,-79.6266,L
ESR,Ricardo García Posada Airport,El Salvador,CL,SA,-26.3111,-69.7652,M
ESU,Essaouira-Mogador Airport,Essaouira,MA,AF,31.3975,-9.6817,M
ETM,Ramon International Airport,Eilat,IL,AS,29.7270,35.0141,L
ETR,Santa Rosa - Artillery Colonel Victor Larrea International Airport,Santa Rosa,EC,SA,-3.4420,-79.9970,M
ETZ,Metz-Nancy-Lorraine Airport,Goin,FR,EU,48.9821,6.2513,M
EUG,Eugene Airport,Eugene,US,NA,44.1246,-123.2120,M
EUN,Laayoune Hassan I International Airport,El Aaiún,EH,AF,27.1425,-13.2249,L
EUX,F. D. Roosevelt Airport,Oranjestad,BQ,NA,17.4965,-62.9794,M
EVE,Harstad/Narvik Airport,Evenes,NO,EU,68.4913,16.6781,L
EVN,Zvartnots International Airport,Yerevan,AM,AS,40.1489,44.3979,L
EVV,Evansville Regional Airport,Evansville,US,NA,38.0370,-87.5324,M
EWB,New Bedford Regional Airport,New Bedford,US,NA,41.6761,-70.9569,M
EWN,Coastal Carolina Regional Airport,New Bern,US,NA,35.0730,-77.0429,M
EWR,Newark Liberty International Airport,Newark,US,NA,40.6894,-74.1705,L
EXT,Exeter International Airport,"Exeter, Devon",GB,EU,50.7343,-3.4140,M
EYK,Beloyarskiy Airport,,RU,EU,63.6869,66.6986,M
EYP,El Alcaravan - Yopal Airport,Yopal,CO,SA,5.3191,-72.3840,M
EYW,Key West International Airport,Key West,US,NA,24.5561,-81.7596,M
EZE,Ezeiza International Airport - Ministro Pistarini,Buenos Aires (Ezeiza),AR,SA,-34.8222,-58.5358,L
EZS,Elazığ Airport,Elazığ,TR,AS,38.5980,39.2835,M
FAE,Vágar Airport,Vágar,FO,EU,62.0633,-7.2758,L
FAI,Fairbanks International Airport,Fairbanks,US,NA,64.8151,-147.8560,M
FAO,Faro - Gago Coutinho International Airport,Faro,PT,EU,37.0159,-7.9709,L
FAR,Hector International Airport,Fargo,US,NA,46.9207,-96.8158,M
FAT,Fresno Yosemite International Airport,Fresno,US,NA,36.7758,-119.7180,L
FAV,Fakarava Airport,,PF,OC,-16.0541,-145.6570,M
FAY,Fayetteville Regional Airport - Grannis Field,Fayetteville,US,NA,34.9912,-78.8803,M
FBM,Lubumbashi International Airport,Lubumbashi,CD,AF,-11.5915,27.5308,L
FCA,Glacier Park International Airport,Kalispell,US,NA,48.3105,-114.2560,M
FCN,Sea-Airport Cuxhaven/Nordholz / Nordholz Naval Airbase,Wurster Nordseeküste,DE,EU,53.7677,8.6592,M
FCO,Rome–Fiumicino Leonardo da Vinci International Airport,Rome,IT,EU,41.8045,12.2520,L
FDF,Martinique Aimé Césaire International Airport,Fort-de-France,MQ,NA,14.5910,-61.0032,L
FDH,Bodensee Airport Friedrichshafen,Friedrichshafen,DE,EU,47.6713,9.5115,L
FDU,Bandundu Airport,Bandundu,CD,AF,-3.3113,17.3817,M
FEG,Fergana International Airport,Fergana,UZ,AS,40.3588,71.7450,M
FEN,Fernando de Noronha Airport,Fernando de Noronha,BR,SA,-3.8545,-32.4230,M
FEZ,Fes Saïss International Airport,Saïss,MA,AF,33.9273,-4.9780,L
FGU,Fangatau Airport,Fangatau,PF,OC,-15.8200,-140.8881,M
FIH,Ndjili International Airport,Kinshasa,CD,AF,-4.3857,15.4446,L
FIZ,Fitzroy Crossing Airport,,AU,OC,-18.1836,125.5598,M
FJR,Fujairah International Airport,Fujairah,AE,AS,25.1084,56.3281,L
FKB,Karlsruhe Baden-Baden Airport,Rheinmünster,DE,EU,48.7794,8.0805,L
FKI,Bangoka International Airport,Kisangani,CD,AF,0.4816,25.3380,L
FKQ,Fakfak Airport,Fakfak,ID,AS,-2.9205,132.2670,M
FKS,Fukushima Airport,Sukagawa,JP,AS,37.2274,140.4310,M
FLA,Gustavo Artunduaga Paredes Airport,Florencia,CO,SA,1.5892,-75.5644,M
FLG,Flagstaff Pulliam Airport,Flagstaff,US,NA,35.1398,-111.6698,M
FLL,Fort Lauderdale Hollywood International Airport,Fort Lauderdale,US,NA,26.0726,-80.1527,L
FLN,Hercílio Luz International Airport,Florianópolis,BR,SA,-27.6703,-48.5525,L
FLO,Florence Regional Airport,Florence,US,NA,34.1854,-79.7239,M
FLR,"Florence Airport, Peretola",Firenze (FI),IT,EU,43.8086,11.2028,L
FLW,Flores Airport,Santa Cruz das Flores,PT,EU,39.4553,-31.1314,M
FLZ,Dr. Ferdinand Lumban Tobing Airport,Sibolga (Pinangsori),ID,AS,1.5571,98.8871,M
FMA,Formosa National Airport,Formosa,AR,SA,-26.2127,-58.2281,M
FMI,Kalemie Airport,Kalemie,CD,AF,-5.8756,29.2500,M
FMM,Memmingen Allgau Airport,Memmingen,DE,EU,47.9881,10.2382,L
FMO,Münster Osnabrück Airport,Greven,DE,EU,52.1338,7.6885,L
FNA,Lungi International Airport,Freetown (Lungi-Town),SL,AF,8.6164,-13.1955,L
FNC,Cristiano Ronaldo International Airport,Funchal,PT,EU,32.6978,-16.7746,L
FNI,Nîmes-Arles-Camargue Airport,Nîmes/Garons,FR,EU,43.7574,4.4164,M
FNJ,Pyongyang Sunan International Airport,Pyongyang,KP,AS,39.2241,125.6700,L
FNT,Bishop International Airport,Flint,US,NA,42.9693,-83.7434,M
FOC,Fuzhou Changle International Airport,Fuzhou (Changle),CN,AS,25.9293,119.6725,L
FOD,Fort Dodge Regional Airport,Fort Dodge,US,NA,42.5526,-94.1912,M
FOG,Foggia Gino Lisa Airport,Foggia (FG),IT,EU,41.4336,15.5346,M
FON,La Fortuna Arenal Airport,La Fortuna,CR,NA,10.4693,-84.5791,M
FOR,Pinto Martins International Airport,Fortaleza,BR,SA,-3.7758,-38.5322,L
FPO,Grand Bahama International Airport,Freeport,BS,NA,26.5580,-78.6956,L
FRA,Frankfurt Main Airport,Frankfurt am Main,DE,EU,50.0267,8.5584,L
FRD,Friday Harbor Airport,Friday Harbor,US,NA,48.5237,-123.0246,M
FRL,Forlì-Luigi Ridolfi International Airport,Forlì (FC),IT,EU,44.1948,12.0701,M
FRO,Florø Airport,Florø,NO,EU,61.5836,5.0247,M
FRS,Mundo Maya International Airport,San Benito,GT,NA,16.9137,-89.8661,M
FRW,Phillip Gaonwe Matante International Airport,Francistown,BW,AF,-21.1592,27.4688,L
FSC,Figari Sud-Corse Airport,Figari,FR,EU,41.5018,9.0971,L
FSD,Sioux Falls Regional Airport,Sioux Falls,US,NA,43.5855,-96.7412,M
FSM,Fort Smith Regional Airport,Fort Smith,US,NA,35.3366,-94.3674,M
FSP,Saint-Pierre Pointe-Blanche Airport,Saint-Pierre,PM,NA,46.7627,-56.1750,M
FSZ,Mount Fuji Shizuoka Airport,Makinohara / Shimada,JP,AS,34.7950,138.1910,L
FTE,El Calafate - Commander Armando Tola International Airport,El Calafate,AR,SA,-50.2803,-72.0534,M
FTU,Tôlanaro Airport,Tôlanaro,MG,AF,-25.0381,46.9561,M
FTW,Fort Worth Meacham International Airport,Fort Worth,US,NA,32.8199,-97.3608,M
FUE,Fuerteventura Airport,El Matorral,ES,AF,28.4527,-13.8638,L
FUG,Fuyang Xiguan Airport,"Yingzhou, Fuyang",CN,AS,32.8822,115.7344,M
FUJ,Fukue Airport,Goto,JP,AS,32.6663,128.8330,M
FUK,Fukuoka Airport,Fukuoka,JP,AS,33.5859,130.4510,L
FUN,Funafuti International Airport,Funafuti,TV,OC,-8.5239,179.1970,M
FUO,Foshan Shadi Airport,Foshan (Nanhai),CN,AS,23.0825,113.0708,M
FWA,Fort Wayne International Airport,Fort Wayne,US,NA,40.9789,-85.1945,M
FYJ,Fuyuan Dongji Airport,Fuyuan,CN,AS,48.1972,134.3630,M
FYN,Fuyun Koktokay Airport,Fuyun,CN,AS,46.8042,89.5120,M
FYU,Fort Yukon Airport,Fort Yukon,US,NA,66.5717,-145.2500,M
GAJ,Yamagata Airport,Higashine,JP,AS,38.4119,140.3710,M
GAL,Edward G. Pitka Sr Airport,Galena,US,NA,64.7362,-156.9370,M
GAM,Gambell Airport,Gambell,US,NA,63.7677,-171.7333,M
GAN,Gan International Airport,Gan,MV,AS,-0.6930,73.1526,L
GAQ,Gao International Airport,Gao,ML,AF,16.2485,-0.0054,M
GAU,Lokpriya Gopinath Bordoloi International Airport,Guwahati,IN,AS,26.1067,91.5852,L
GAY,Gaya Airport,Gaya,IN,AS,24.7443,84.9512,M
GBB,Gabala International Airport,Gabala,AZ,AS,40.8086,47.7254,M
GBE,Sir Seretse Khama International Airport,Gaborone,BW,AF,-24.5552,25.9182,L
GBJ,Marie-Galante Airport,Grand-Bourg,GP,NA,15.8689,-61.2701,M
GCC,Northeast Wyoming Regional Airport,Gillette,US,NA,44.3489,-105.5390,M
GCH,Gachsaran Airport,Gachsaran,IR,AS,30.3339,50.8338,M
GCI,Guernsey Airport,Saint Peter Port,GG,EU,49.4350,-2.6020,M
GCK,Garden City Regional Airport,Garden City,US,NA,37.9275,-100.7240,M
GCM,Owen Roberts International Airport,George Town,KY,NA,19.2928,-81.3577,L
GCN,Grand Canyon National Park Airport,Grand Canyon - Tusayan,US,NA,35.9524,-112.1470,M
GDB,Gondia Airport,Gondia,IN,AS,21.5268,80.2903,M
GDE,Gode Airport,Gode,ET,AF,5.9351,43.5786,M
GDL,Guadalajara International Airport,Guadalajara,MX,NA,20.5233,-103.3101,L
GDN,Gdańsk Lech Wałęsa Airport,Gdańsk,PL,EU,54.3776,18.4662,L
GDQ,Gondar Airport,Azezo,ET,AF,12.5199,37.4340,M
GDT,JAGS McCartney International Airport,Cockburn Town,TC,NA,21.4445,-71.1423,M
GDV,Dawson Community Airport,Glendive,US,NA,47.1377,-104.8069,M
GDX,Sokol Airport,Magadan,RU,AS,59.9110,150.7200,M
GDZ,Gelendzhik Airport,Gelendzhik,RU,EU,44.5821,38.0125,M
GEA,Nouméa Magenta Airport,Nouméa,NC,OC,-22.2577,166.4728,M
GEG,Spokane International Airport,Spokane,US,NA,47.6199,-117.5340,L
GEL,Santo Ângelo Airport,Santo Ângelo,BR,SA,-28.2825,-54.1696,M
GEM,President Obiang Nguema International Airport,Mengomeyén,GQ,AF,1.6764,11.0249,M
GEO,Cheddi Jagan International Airport,Georgetown,GY,SA,6.4985,-58.2541,L
GER,Rafael Cabrera Airport,Nueva Gerona,CU,NA,21.8347,-82.7838,M
GES,General Santos International Airport,General Santos,PH,AS,6.0572,125.0962,L
GET,Geraldton Airport,Moonyoonooka,AU,OC,-28.7961,114.7070,M
GEV,Gällivare Airport,Gällivare,SE,EU,67.1324,20.8146,M
GFF,Griffith Airport,Griffith,AU,OC,-34.2508,146.0670,M
GFK,Grand Forks International Airport,Grand Forks,US,NA,47.9493,-97.1761,M
GGG,East Texas Regional Airport,Longview,US,NA,32.3840,-94.7115,M
GGT,Exuma International Airport,Moss Town,BS,NA,23.5626,-75.8780,M
GGW,Glasgow Valley County Airport Wokal Field,Glasgow,US,NA,48.2125,-106.6150,M
GHA,Noumérat - Moufdi Zakaria Airport,El Atteuf,DZ,AF,32.3841,3.7941,M
GHB,Governor's Harbour Airport,Governor's Harbour,BS,NA,25.2847,-76.3310,M
GHV,Brașov-Ghimbav International Airport,Brașov (Ghimbav),RO,EU,45.7056,25.5229,L
GIB,Gibraltar Airport,Gibraltar,GI,EU,36.1517,-5.3498,L
GID,Gitega Airport,Gitega,BI,AF,-3.4172,29.9113,M
GIG,Rio de Janeiro Galeão – Tom Jobim International Airport,Rio De Janeiro,BR,SA,-22.8100,-43.2506,L
GIL,Gilgit Airport,Gilgit,PK,AS,35.9188,74.3336,M
GIS,Gisborne Airport,Gisborne,NZ,OC,-38.6633,177.9780,M
GIZ,Jizan Regional Airport / King Abdullah bin Abdulaziz Airport,Jizan,SA,AS,16.9011,42.5858,M
GJA,La Laguna Airport,Guanaja,HN,NA,16.4454,-85.9066,M
GJL,Jijel Ferhat Abbas Airport,Tahir,DZ,AF,36.7941,5.8737,L
GJT,Grand Junction Regional Airport,Grand Junction,US,NA,39.1267,-108.5294,M
GKA,Goroka Airport,Goronka,PG,OC,-6.0817,145.3920,M
GKN,Gulkana Airport,Gulkana,US,NA,62.1559,-145.4547,M
GLA,Glasgow Airport,Glasgow,GB,EU,55.8719,-4.4331,L
GLF,Golfito Airport,Golfito,CR,NA,8.6540,-83.1822,M
GLH,Mid Delta Regional Airport,Greenville,US,NA,33.4829,-90.9856,M
GLT,Gladstone Airport,Gladstone,AU,OC,-23.8698,151.2254,M
GMA,Gemena Airport,Gemena,CD,AF,3.2354,19.7713,M
GMB,Gambela Airport,Gambela,ET,AF,8.1288,34.5631,M
GME,Gomel Airport,Gomel,BY,EU,52.5270,31.0167,M
GMO,Gombe Lawanti International Airport,Gombe,NG,AF,10.2989,10.9000,M
GMP,Seoul Gimpo International Airport,Seoul,KR,AS,37.5583,126.7910,L
GMQ,Golog Maqên Airport,Golog (Maqên),CN,AS,34.4181,100.3011,M
GMR,Totegegie Airport,,PF,OC,-23.0799,-134.8900,M
GNB,Grenoble Alpes Isère Airport,Grenoble,FR,EU,45.3629,5.3294,M
GND,Maurice Bishop International Airport,Saint George's,GD,NA,12.0040,-61.7853,L
GNJ,Ganja International Airport,Ganja,AZ,AS,40.7387,46.3204,L
GNS,Binaka Airport,Gunungsitoli,ID,AS,1.1663,97.7052,M
GNV,Gainesville Regional Airport,Gainesville,US,NA,29.6901,-82.2718,M
GNY,Şanlıurfa GAP Airport,Şanlıurfa,TR,AS,37.4457,38.8956,L
GOA,Genoa Cristoforo Colombo Airport,Genova (GE),IT,EU,44.4120,8.8407,L
GOH,Nuuk International Airport,Nuuk,GL,NA,64.1911,-51.6791,L
GOI,Goa Dabolim International Airport,Vasco da Gama,IN,AS,15.3801,73.8333,L
GOJ,Nizhny Novgorod / Strigino International Airport,Nizhny Novgorod,RU,EU,56.2274,43.7852,L
GOM,Goma International Airport,Goma,CD,AF,-1.6668,29.2380,L
GOP,Gorakhpur Airport,Gorakhpur,IN,AS,26.7397,83.4497,M
GOQ,Golmud Airport,Golmud,CN,AS,36.4006,94.7861,M
GOT,Göteborg Landvetter Airport,Göteborg,SE,EU,57.6628,12.2798,L
GOU,Garoua International Airport,Garoua,CM,AF,9.3348,13.3721,L
GOV,Gove Airport,Nhulunbuy,AU,OC,-12.2694,136.8180,M
GOX,Manohar International Airport,Mopa,IN,AS,15.7443,73.8606,L
GPA,Patras Araxos Agamemnon Airport,Patras,GR,EU,38.1511,21.4256,M
GPI,Guapi Airport,Guapi,CO,SA,2.5701,-77.8980,M
GPS,Seymour Galapagos Ecological Airport,Isla Baltra,EC,SA,-0.4538,-90.2659,M
GPT,Gulfport Biloxi International Airport,Gulfport,US,NA,30.4056,-89.0698,M
GRB,Austin Straubel International Airport,Green Bay,US,NA,44.4835,-88.1308,M
GRI,Central Nebraska Regional Airport,Grand Island,US,NA,40.9675,-98.3096,M
GRJ,George Airport,George,ZA,AF,-34.0056,22.3789,L
GRK,Killeen Regional Airport / Robert Gray Army Airfield,Fort Cavazos,US,NA,31.0672,-97.8289,M
GRO,Girona-Costa Brava Airport,Girona,ES,EU,41.9046,2.7618,L
GRQ,Groningen Airport Eelde,Groningen,NL,EU,53.1191,6.5777,L
GRR,Gerald R. Ford International Airport,Grand Rapids,US,NA,42.8808,-85.5228,L
GRU,São Paulo/Guarulhos–Governor André Franco Montoro International Airport,São Paulo,BR,SA,-23.4313,-46.4700,L
GRV,Akhmat Kadyrov Grozny International Airport,Grozny,RU,AS,43.3881,45.6998,L
GRW,Graciosa Airport,Santa Cruz da Graciosa,PT,EU,39.0922,-28.0298,M
GRX,F.G.L. Airport Granada-Jaén Airport,Granada,ES,EU,37.1887,-3.7774,M
GRY,Grímsey Airport,Grímsey/Sandvík,IS,EU,66.5458,-18.0173,M
GRZ,Graz Airport,Feldkirchen bei Graz,AT,EU,46.9911,15.4396,L
GSM,Qeshm International Airport,Qeshm(Dayrestan),IR,AS,26.7546,55.9024,L
GSO,Piedmont Triad International Airport,Greensboro,US,NA,36.0994,-79.9373,L
GSP,Greenville-Spartanburg International Airport,Greenville/Greer/Spartanburg,US,NA,34.8957,-82.2189,M
GST,Gustavus Airport,Gustavus,US,NA,58.4253,-135.7070,M
GSV,Gagarin International Airport,Saratov,RU,AS,51.7128,46.1711,L
GTE,Groote Eylandt Airport,Groote Eylandt,AU,OC,-13.9724,136.4586,M
GTF,Great Falls International Airport,Great Falls,US,NA,47.4820,-111.3710,M
GTR,Golden Triangle Regional Airport,Columbus/W Point/Starkville,US,NA,33.4503,-88.5914,M
GUA,La Aurora International Airport,Guatemala City,GT,NA,14.5829,-90.5275,L
GUC,Gunnison Crested Butte Regional Airport,Gunnison,US,NA,38.5347,-106.9346,M
GUM,Antonio B. Won Pat International Airport,Hagåtña,GU,OC,13.4850,144.7973,L
GUP,Gallup Municipal Airport,Gallup,US,NA,35.5117,-108.7882,M
GUR,Gurney Airport,Gurney,PG,OC,-10.3115,150.3340,M
GUW,Atyrau International Airport,Atyrau,KZ,AS,47.1213,51.8203,L
GVA,Geneva International Airport,Geneva,CH,EU,46.2381,6.1090,L
GVR,Coronel Altino Machado Airport,Governador Valadares,BR,SA,-18.8959,-41.9829,M
GWD,New Gwadar International Airport,Gurandani,PK,AS,25.2967,62.4988,L
GWL,Gwalior Airport,Gwalior,IN,AS,26.2933,78.2278,M
GWT,Westerland Sylt Airport,Sylt,DE,EU,54.9132,8.3405,M
GXF,Seiyun Hadhramaut International Airport,Seiyun,YE,AS,15.9659,48.7881,L
GXG,Negage Airport,Negage,AO,AF,-7.7545,15.2877,M
GXH,Gannan Xiahe Airport,Gannan (Xiahe),CN,AS,34.8190,102.6223,M
GYA,Guayaramerín Airport,Guayaramerín,BO,SA,-10.8886,-65.3810,M
GYD,Heydar Aliyev International Airport,Baku,AZ,AS,40.4728,50.0509,L
GYE,José Joaquín de Olmedo International Airport,Guayaquil,EC,SA,-2.1574,-79.8836,L
GYM,General José María Yáñez International Airport,Guaymas,MX,NA,27.9690,-110.9250,M
GYN,Santa Genoveva International Airport,Goiânia,BR,SA,-16.6320,-49.2207,L
GYS,Guangyuan Panlong Airport,Guangyuan (Lizhou),CN,AS,32.3903,105.6946,M
GYU,Guyuan Liupanshan Airport,Guyuan (Yuanzhou),CN,AS,36.0789,106.2169,M
GYY,Gary/Chicago International Airport,Gary,US,NA,41.6171,-87.4132,M
GZP,Gazipaşa-Alanya Airport,Gazipaşa,TR,AS,36.2988,32.2970,M
GZT,Gaziantep Oğuzeli International Airport,Gaziantep,TR,AS,36.9472,37.4787,L
HAC,Hachijojima Airport,Hachijojima,JP,AS,33.1148,139.7856,M
HAD,Halmstad Airport,Halmstad,SE,EU,56.6911,12.8202,M
HAH,Prince Said Ibrahim International Airport,Moroni,KM,AF,-11.5337,43.2719,L
HAJ,Hannover Airport,Hannover,DE,EU,52.4611,9.6851,L
HAK,Haikou Meilan International Airport,Haikou (Meilan),CN,AS,19.9349,110.4590,L
HAM,Hamburg Helmut Schmidt Airport,Hamburg,DE,EU,53.6304,9.9882,L
HAN,Noi Bai International Airport,Hanoi (Soc Son),VN,AS,21.2212,105.8070,L
HAQ,Hanimaadhoo International Airport,Haa Dhaalu Atoll,MV,AS,6.7432,73.1671,L
HAS,Hail International Airport,Hail,SA,AS,27.4379,41.6863,L
HAU,"Haugesund Airport, Karmøy",Karmøy,NO,EU,59.3453,5.2084,M
HAV,José Martí International Airport,Havana,CU,NA,22.9892,-82.4091,L
HBA,Hobart International Airport,Hobart (Cambridge),AU,OC,-42.8370,147.5130,L
HBE,Alexandria International Airport,Alexandria,EG,AF,30.9325,29.6964,L
HBX,Hubballi Airport,Hubballi,IN,AS,15.3611,75.0821,M
HCJ,Hechi Jinchengjiang Airport,Hechi (Jinchengjiang),CN,AS,24.8043,107.7108,M
HCR,Holy Cross Airport,Holy Cross,US,NA,62.1883,-159.7750,M
HCZ,Chenzhou Beihu Airport,Chenzhou,CN,AS,25.7534,112.8454,M
HDF,Heringsdorf Airport,Zirchow,DE,EU,53.8787,14.1523,M
HDG,Handan Airport,Handan,CN,AS,36.5248,114.4241,M
HDM,Hamadan Airport,Hamadan,IR,AS,34.8664,48.5607,M
HDN,Yampa Valley Airport,Hayden,US,NA,40.4812,-107.2180,M
HDS,Eastgate Airport / Air Force Base Hoedspruit,Hoedspruit,ZA,AF,-24.3619,31.0529,M
HDY,Hat Yai International Airport,Hat Yai,TH,AS,6.9332,100.3930,L
HEA,Herat - Khwaja Abdullah Ansari International Airport,Guzara,AF,AS,34.2100,62.2283,L
HEH,Heho Airport,Heho,MM,AS,20.7471,96.7920,M
HEK,Heihe Aihui Airport,Heihe,CN,AS,50.1716,127.3089,M
HEL,Helsinki Vantaa Airport,Helsinki (Vantaa),FI,EU,60.3184,24.9633,L
HER,Heraklion International Nikos Kazantzakis Airport,Heraklion,GR,EU,35.3397,25.1803,L
HET,Hohhot Baita International Airport,Hohhot,CN,AS,40.8497,111.8246,L
HFA,Uri Michaeli Haifa International Airport,Haifa,IL,AS,32.8102,35.0437,M
HFE,Hefei Xinqiao International Airport,Hefei,CN,AS,31.9878,116.9769,L
HFN,Hornafjörður Airport,Höfn,IS,EU,64.2956,-15.2272,M
HFT,Hammerfest Airport,Hammerfest,NO,EU,70.6797,23.6686,M
HGA,Egal International Airport,Hargeisa,SO,AF,9.5141,44.0835,L
HGH,Hangzhou Xiaoshan International Airport,Hangzhou,CN,AS,30.2361,120.4289,L
HGI,Itanagar Donyi Polo Hollongi Airport,Hollongi,IN,AS,26.9668,93.6388,M
HGN,Mae Hong Son Airport,Mae Hong Son,TH,AS,19.3013,97.9758,M
HGO,Korhogo Airport,Korhogo,CI,AF,9.3872,-5.5567,M
HGR,Hagerstown Regional Richard A Henson Field,Hagerstown,US,NA,39.7088,-77.7280,M
HGU,Mount Hagen Kagamuga Airport,Mount Hagen,PG,OC,-5.8282,144.2994,M
HHH,Hilton Head Airport,Hilton Head Island,US,NA,32.2244,-80.6975,M
HHN,Frankfurt-Hahn Airport,Frankfurt am Main (Lautzenhausen),DE,EU,49.9464,7.2617,L
HHQ,Hua Hin Airport,Hua Hin,TH,AS,12.6362,99.9515,M
HHR,Jack Northrop Field Hawthorne Municipal Airport,Hawthorne,US,NA,33.9228,-118.3350,M
HIA,Huai'an Lianshui Airport,Huai'an,CN,AS,33.7927,119.1267,L
HIB,Range Regional Airport,Hibbing,US,NA,47.3848,-92.8369,M
HID,Horn Island Airport,Horn,AU,OC,-10.5856,142.2928,M
HII,Lake Havasu City Airport,Lake Havasu City,US,NA,34.5705,-114.3577,M
HIJ,Hiroshima Airport,Hiroshima,JP,AS,34.4361,132.9190,L
HIN,Sacheon Airport / Sacheon Air Base,Sacheon,KR,AS,35.0886,128.0717,M
HIR,Honiara International Airport,Honiara,SB,OC,-9.4280,160.0550,L
HJJ,Huaihua Zhijiang Airport,Huaihua,CN,AS,27.4431,109.7047,M
HJR,Khajuraho Airport,Khajuraho,IN,AS,24.8172,79.9186,M
HKD,Hakodate Airport,Hakodate,JP,AS,41.7700,140.8220,L
HKG,Hong Kong International Airport,Hong Kong,HK,AS,22.3118,113.9149,L
HKK,Hokitika Airfield,,NZ,OC,-42.7136,170.9850,M
HKN,Hoskins Airport,Kimbe,PG,OC,-5.4638,150.4073,M
HKT,Phuket International Airport,Phuket,TH,AS,8.1133,98.3174,L
HLA,Lanseria International Airport,Johannesburg,ZA,AF,-25.9390,27.9266,L
HLD,Hulunbuir Hailar Airport,Hailar,CN,AS,49.2086,119.8223,L
HLE,Saint Helena International Airport,Jamestown,SH,AF,-15.9589,-5.6461,M
HLN,Helena Regional Airport,Helena,US,NA,46.6068,-111.9830,M
HLP,Halim Perdanakusuma International Airport,Jakarta,ID,AS,-6.2670,106.8903,L
HLZ,Hamilton International Airport,Hamilton,NZ,OC,-37.8670,175.3320,M
HMA,Khanty Mansiysk Airport,Khanty-Mansiysk,RU,AS,61.0285,69.0861,M
HMB,Suhaj International Airport,Suhaj,EG,AF,26.3425,31.7430,L
HME,Hassi Messaoud-Oued Irara Krim Belkacem Airport,Hassi Messaoud,DZ,AF,31.6730,6.1404,M
HMI,Hami Airport,Hami,CN,AS,42.8414,93.6692,M
HMO,General Ignacio L. Pesqueira International Airport,Hermosillo,MX,NA,29.0928,-111.0530,L
HNA,Iwate Hanamaki Airport,Hanamaki,JP,AS,39.4286,141.1350,M
HND,Tokyo Haneda International Airport,Tokyo,JP,AS,35.5497,139.7870,L
HNL,Daniel K. Inouye International Airport,"Honolulu, Oahu",US,OC,21.3184,-157.9257,L
HNM,Hana Airport,Hana,US,OC,20.7956,-156.0140,M
HNS,Haines Airport,Haines,US,NA,59.2439,-135.5239,M
HOB,Lea County Regional Airport,Hobbs,US,NA,32.6875,-103.2170,M
HOF,Al-Ahsa International Airport,Hofuf,SA,AS,25.2853,49.4852,L
HOG,Frank Pais International Airport,Holguin,CU,NA,20.7851,-76.3155,L
HOI,Hao Airport,Otepa,PF,OC,-18.0748,-140.9460,M
HOM,Homer Airport,Homer,US,NA,59.6445,-151.4792,M
HOR,Horta Airport,Horta,PT,EU,38.5199,-28.7159,M
HOT,Memorial Field Airport,Hot Springs,US,NA,34.4788,-93.0963,M
HOU,William P. Hobby Airport,Houston,US,NA,29.6453,-95.2768,L
HOV,"Ørsta-Volda Airport, Hovden",Ørsta,NO,EU,62.1800,6.0741,M
HPA,Lifuka Island Airport,Lifuka,TO,OC,-19.7770,-174.3410,M
HPG,Shennongjia Hongping Airport,Shennongjia (Hongping),CN,AS,31.6260,110.3400,M
HPH,Cat Bi International Airport,Haiphong (Hai An),VN,AS,20.8174,106.7243,L
HPN,Westchester County Airport,White Plains,US,NA,41.0670,-73.7076,M
HQL,Tashikuergan Hongqilafu Airport,Tashikuergan,CN,AS,37.6613,75.2889,M
HRB,Harbin Taiping International Airport,Harbin,CN,AS,45.6234,126.2500,L
HRE,Robert Gabriel Mugabe International Airport,Harare,ZW,AF,-17.9318,31.0928,L
HRG,Hurghada International Airport,Hurghada,EG,AF,27.1768,33.7967,L
HRI,Mattala Rajapaksa International Airport,Mattala,LK,AS,6.2839,81.1242,M
HRL,Valley International Airport,Harlingen,US,NA,26.2285,-97.6544,M
HRO,Boone County Airport,Harrison,US,NA,36.2615,-93.1547,M
HSA,Hazrat Sultan International Airport,Turkıstan,KZ,AS,43.3111,68.5504,L
HSC,Shaoguan Danxia Airport,Shaoguan,CN,AS,24.9786,113.4210,M
HSG,Kyushu Saga International Airport,Saga,JP,AS,33.1497,130.3020,L
HSL,Huslia Airport,Huslia,US,NA,65.6979,-156.3510,M
HSN,Zhoushan Putuoshan International Airport,Zhoushan,CN,AS,29.9339,122.3623,L
HSR,Rajkot International Airport,Rajkot,IN,AS,22.3788,71.0394,L
HSS,Maharaja Agrasen International Airport,Hisar,IN,AS,29.1861,75.7414,L
HSV,Huntsville International Airport,Huntsville,US,NA,34.6362,-86.7744,M
HTA,Chita-Kadala International Airport,Chita,RU,AS,52.0248,113.3058,L
HTG,Khatanga Airport,Khatanga,RU,AS,71.9781,102.4910,M
HTI,Hamilton Island Airport,Hamilton Island,AU,OC,-20.3581,148.9520,M
HTN,Hotan Airport,Hotan,CN,AS,37.0385,79.8649,M
HTS,Tri-State Airport / Milton J. Ferguson Field,Huntington,US,NA,38.3667,-82.5580,M
HTT,Huatugou Airport,Mengnai,CN,AS,38.2016,90.8378,M
HTY,Hatay Airport,Antakya,TR,AS,36.3608,36.2856,M
HUH,Huahine-Fare Airport,Fare,PF,OC,-16.6871,-151.0216,M
HUI,Phu Bai International Airport,Huế,VN,AS,16.4006,107.7041,L
HUN,Hualien Chiashan Airport,Hualien City,TW,AS,24.0232,121.6180,L
HUO,Holingol Huolinhe Airport,Holingol,CN,AS,45.4872,119.4072,M
HUU,Alferez Fap David Figueroa Fernandini Airport,Huánuco,PE,SA,-9.8788,-76.2048,M
HUX,Bahías de Huatulco International Airport,Huatulco,MX,NA,15.7754,-96.2605,L
HUY,Humberside Airport,"Grimsby, Lincolnshire",GB,EU,53.5762,-0.3495,M
HUZ,Huizhou Pingtan Airport,Huizhou (Pingtan),CN,AS,23.0500,114.6000,M
HVB,Hervey Bay Airport,Hervey Bay,AU,OC,-25.3201,152.8807,M
HVD,Khovd Airport,Khovd,MN,AS,47.9541,91.6282,M
HVG,"Honningsvåg Airport, Valan",Honningsvåg,NO,EU,71.0097,25.9836,M
HVN,Tweed New Haven Airport,New Haven,US,NA,41.2629,-72.8877,M
HVR,Havre City County Airport,Havre,US,NA,48.5414,-109.7629,M
HWR,Halwara International Airport,Halwara,IN,AS,30.7485,75.6298,L
HXD,Haixi Delingha Airport,Delingha,CN,AS,37.1253,97.2687,M
HYA,Cape Cod Gateway Airport,Hyannis,US,NA,41.6693,-70.2804,M
HYD,Rajiv Gandhi International Airport,Hyderabad,IN,AS,17.2313,78.4299,L
HYN,Taizhou Luqiao Airport,Taizhou (Luqiao),CN,AS,28.5622,121.4290,M
HYS,Hays Regional Airport,Hays,US,NA,38.8445,-99.2731,M
HZA,Heze Mudan Airport,Heze (Dingtao),CN,AS,35.2130,115.7367,M
HZG,Hanzhong Chenggu Airport,Hanzhong (Chenggu),CN,AS,33.1335,107.2038,M
HZH,Liping Airport,Liping,CN,AS,26.3222,109.1499,M
IAA,Igarka Airport,Igarka,RU,AS,67.4372,86.6219,M
IAD,Washington Dulles International Airport,Dulles,US,NA,38.9445,-77.4558,L
IAG,Niagara Falls International Airport,Niagara Falls,US,NA,43.1073,-78.9462,M
IAH,George Bush Intercontinental Airport,Houston,US,NA,29.9844,-95.3414,L
IAM,Zarzaitine - In Aménas Airport,In Aménas,DZ,AF,28.0515,9.6429,M
IAN,Bob Baker Memorial Airport,Kiana,US,NA,66.9761,-160.4390,M
IAR,Golden Ring Yaroslavl International Airport,Tunoshna,RU,EU,57.5607,40.1574,L
IAS,Iaşi International Airport,Iaşi,RO,EU,47.1796,27.6214,L
IBA,Ibadan Airport,Ibadan,NG,AF,7.3625,3.9783,M
IBE,Perales Airport,Ibagué,CO,SA,4.4216,-75.1333,M
IBR,Ibaraki Airport,Omitama,JP,AS,36.1815,140.4144,L
IBZ,Ibiza Airport,Ibiza (Eivissa),ES,EU,38.8729,1.3731,L
ICN,Incheon International Airport,Seoul,KR,AS,37.4691,126.4510,L
ICT,Wichita Dwight D. Eisenhower National Airport,Wichita,US,NA,37.6503,-97.4286,M
IDA,Idaho Falls Regional Airport,Idaho Falls,US,NA,43.5146,-112.0710,M
IDR,Devi Ahilya Bai Holkar International Airport,Indore,IN,AS,22.7214,75.8005,L
IEG,Zielona Góra-Babimost Airport,Nowe Kramsko,PL,EU,52.1385,15.7986,M
IFJ,Ísafjörður Airport,Ísafjörður,IS,EU,66.0581,-23.1353,M
IFN,Isfahan Shahid Beheshti International Airport,Isfahan,IR,AS,32.7551,51.8839,L
IGA,Inagua Airport,Matthew Town,BS,NA,20.9750,-73.6669,M
IGD,Iğdır Airport,Iğdır,TR,AS,39.9766,43.8766,M
IGR,Cataratas Del Iguazú International Airport,Puerto Iguazu,AR,SA,-25.7373,-54.4734,M
IGT,Magas Airport,Sunzha,RU,AS,43.3233,45.0126,M
IGU,Cataratas International Airport,Foz do Iguaçu,BR,SA,-25.5942,-54.4894,L
IJK,Izhevsk Airport,Izhevsk,RU,AS,56.8345,53.4622,M
IKA,Imam Khomeini International Airport,Tehran,IR,AS,35.4161,51.1522,L
IKG,Karakol International Airport,Karakol,KG,AS,42.5081,78.4078,M
IKI,Iki Airport,Iki,JP,AS,33.7490,129.7850,M
IKS,Tiksi Airport,Tiksi,RU,AS,71.6977,128.9030,M
IKT,Irkutsk International Airport,Irkutsk,RU,AS,52.2667,104.3956,L
IKU,Issyk-Kul International Airport,Tamchy,KG,AS,42.5856,76.7012,L
ILD,Lleida-Alguaire Airport,Lleida,ES,EU,41.7282,0.5350,M
ILG,Wilmington Airport,Wilmington,US,NA,39.6787,-75.6065,M
ILI,Iliamna Airport,Iliamna,US,NA,59.7544,-154.9110,M
ILM,Wilmington International Airport,Wilmington,US,NA,34.2723,-77.9051,M
ILO,Iloilo International Airport,Cabatuan,PH,AS,10.8330,122.4934,L
ILP,Île des Pins Airport,Île des Pins,NC,OC,-22.5889,167.4560,M
ILQ,General Jorge Fernandez Maldon Airport,Ilo,PE,SA,-17.6950,-71.3440,M
ILR,General Tunde Idiagbon International Airport,Ilorin/Ogbomosho,NG,AF,8.4402,4.4939,L
ILS,Ilopango International Airport,San Salvador,SV,NA,13.6995,-89.1199,M
ILY,Islay Airport,"Isle of Islay, Argyll and Bute",GB,EU,55.6827,-6.2575,M
IMF,Bir Tikendrajit International Airport,Imphal,IN,AS,24.7600,93.8967,L
IMP,Prefeito Renato Moreira Airport,Imperatriz,BR,SA,-5.5313,-47.4600,M
IMT,Ford Airport,Kingsford,US,NA,45.8191,-88.1146,M
INC,Yinchuan Hedong International Airport,Yinchuan,CN,AS,38.3228,106.3932,L
IND,Indianapolis International Airport,Indianapolis,US,NA,39.7173,-86.2944,L
INH,Inhambane Airport,Inhambane,MZ,AF,-23.8764,35.4085,M
INI,Niš Constantine the Great Airport,Niš,RS,EU,43.3365,21.8562,L
INL,Falls International Airport,International Falls,US,NA,48.5662,-93.4031,M
INN,Innsbruck Airport,Innsbruck,AT,EU,47.2602,11.3440,L
INU,Nauru International Airport,Yaren,NR,OC,-0.5479,166.9195,M
INV,Inverness Airport,Inverness,GB,EU,57.5425,-4.0475,M
INZ,In Salah Airport,In Salah,DZ,AF,27.2510,2.5120,M
IOA,Ioannina King Pyrrhus National Airport,Ioannina,GR,EU,39.6964,20.8225,M
IOM,Isle of Man Airport,Castletown,IM,EU,54.0831,-4.6239,L
IOS,Bahia - Jorge Amado Airport,Ilhéus,BR,SA,-14.8159,-39.0335,M
IPC,Mataveri International Airport,Isla De Pascua,CL,SA,-27.1654,-109.4210,L
IPH,Sultan Azlan Shah Airport,Ipoh,MY,AS,4.5673,101.0916,L
IPI,San Luis Airport,Ipiales,CO,SA,0.8619,-77.6718,M
IPL,Imperial County Airport,Imperial,US,NA,32.8354,-115.5740,M
IPN,Usiminas Airport,Ipatinga,BR,SA,-19.4707,-42.4876,M
IPT,Williamsport Regional Airport,Williamsport,US,NA,41.2421,-76.9224,M
IQM,Qiemo Yudu Airport,Qiemo,CN,AS,38.2345,85.4655,M
IQN,Qingyang Xifeng Airport,Qingyang (Xifeng),CN,AS,35.8026,107.5989,M
IQQ,Diego Aracena International Airport,Iquique,CL,SA,-20.5363,-70.1814,L
IQT,Coronel FAP Francisco Secada Vignetta International Airport,Iquitos,PE,SA,-3.7847,-73.3088,L
IRG,Lockhart River Airport,Lockhart River,AU,OC,-12.7869,143.3050,M
IRJ,Capitan V A Almonacid Airport,La Rioja,AR,SA,-29.3816,-66.7958,M
IRK,Kirksville Regional Airport,Kirksville,US,NA,40.0935,-92.5449,M
IRP,Matari Airport,Isiro,CD,AF,2.8276,27.5883,M
ISA,Mount Isa Airport,Mount Isa,AU,OC,-20.6664,139.4885,M
ISB,Islamabad International Airport,Attock,PK,AS,33.5490,72.8257,L
ISE,Süleyman Demirel International Airport,Isparta,TR,AS,37.8554,30.3684,M
ISG,New Ishigaki Airport,Ishigaki,JP,AS,24.3964,124.2450,M
ISK,Nashik International Airport,Nashik,IN,AS,20.1191,73.9129,L
ISP,Long Island MacArthur Airport,Islip,US,NA,40.7963,-73.1017,M
IST,İstanbul Airport,Istanbul,TR,EU,41.2749,28.7321,L
ISU,Jalal Talabani International Airport,Sulaymaniyah,IQ,AS,35.5605,45.3151,M
ITB,Itaituba Airport,Itaituba,BR,SA,-4.2421,-56.0007,M
ITH,Ithaca Tompkins Regional Airport,Ithaca,US,NA,42.4910,-76.4584,M
ITM,Osaka Itami International Airport,Osaka,JP,AS,34.7809,135.4408,L
ITO,Hilo International Airport,Hilo,US,OC,19.7214,-155.0454,M
IUE,Niue International Airport,Alofi,NU,OC,-19.0801,-169.9235,M
IVC,Invercargill Airport,Invercargill,NZ,OC,-46.4124,168.3130,M
IVL,Ivalo Airport,Ivalo,FI,EU,68.6073,27.4053,L
IWA,Ivanovo South Airport,Ivanovo,RU,EU,56.9394,40.9408,M
IWJ,Iwami Airport,Masuda,JP,AS,34.6764,131.7900,M
IWK,Iwakuni Kintaikyo Airport,Iwakuni,JP,AS,34.1463,132.2472,M
IXA,Agartala - Maharaja Bir Bikram Airport,Agartala,IN,AS,23.8870,91.2404,M
IXB,Bagdogra Airport,Siliguri,IN,AS,26.6812,88.3286,L
IXC,Shaheed Bhagat Singh International Airport,Chandigarh,IN,AS,30.6735,76.7885,L
IXD,Prayagraj Airport,Allahabad,IN,AS,25.4401,81.7339,M
IXE,Mangaluru International Airport,Mangaluru,IN,AS,12.9547,74.8868,L
IXG,Belagavi Airport,Belgaum,IN,AS,15.8593,74.6183,M
IXI,Lilabari North Lakhimpur Airport,Lilabari,IN,AS,27.2957,94.0973,M
IXJ,Jammu Airport,Jammu,IN,AS,32.6888,74.8382,M
IXK,Keshod Airport,Keshod,IN,AS,21.3171,70.2704,M
IXL,Leh Kushok Bakula Rimpochee Airport,Leh,IN,AS,34.1359,77.5465,M
IXM,Madurai Airport,Madurai,IN,AS,9.8345,78.0934,M
IXP,Pathankot Airport,Pathankot,IN,AS,32.2336,75.6344,M
IXR,Birsa Munda Airport,Ranchi,IN,AS,23.3143,85.3217,M
IXS,Silchar Airport,Silchar,IN,AS,24.9129,92.9787,M
IXU,Aurangabad Airport,Aurangabad,IN,AS,19.8629,75.3963,M
IXY,Kandla Airport,Kandla,IN,AS,23.1127,70.1003,M
IXZ,Veer Savarkar International Airport / INS Utkrosh,Port Blair,IN,AS,11.6402,92.7290,L
IZA,Presidente Itamar Franco Airport,Juiz de Fora,BR,SA,-21.5131,-43.1731,M
IZO,Izumo Enmusubi Airport,Izumo,JP,AS,35.4136,132.8900,M
IZT,General Antonio Cárdenas Rodríguez National Airport / Ixtepec Air Base,Ixtepec,MX,NA,16.4460,-95.0937,M
JAC,Jackson Hole Airport,Jackson,US,NA,43.6073,-110.7380,M
JAE,Shumba Airport,Jaén,PE,SA,-5.5925,-78.7740,M
JAF,Jaffna International Airport,Jaffna,LK,AS,9.7923,80.0701,L
JAI,Jaipur International Airport,Jaipur,IN,AS,26.8242,75.8122,L
JAN,Jackson-Medgar Wiley Evers International Airport,Jackson,US,NA,32.3112,-90.0759,M
JAU,Francisco Carle Airport,Jauja,PE,SA,-11.7831,-75.4734,M
JAV,Ilulissat Airport,Ilulissat,GL,NA,69.2432,-51.0571,M
JAX,Jacksonville International Airport,Jacksonville,US,NA,30.4925,-81.6878,L
JBQ,La Isabela International Airport,La Isabela,DO,NA,18.5725,-69.9856,M
JBR,Jonesboro Municipal Airport,Jonesboro,US,NA,35.8317,-90.6464,M
JCL,České Budějovice South Bohemian Airport,České Budějovice,CZ,EU,48.9482,14.4283,L
JDF,Francisco de Assis Airport,Juiz de Fora,BR,SA,-21.7915,-43.3861,M
JDH,Jodhpur Airport,Jodhpur,IN,AS,26.2511,73.0489,M
JDZ,Jingdezhen Luojia Airport,Jingdezhen,CN,AS,29.3386,117.1760,M
JED,King Abdulaziz International Airport,Jeddah,SA,AS,21.6802,39.1574,L
JEE,Jérémie Airport,Carrefour Sanon,HT,NA,18.6631,-74.1703,M
JEG,Aasiaat Airport,Aasiaat,GL,NA,68.7218,-52.7847,M
JER,Jersey Airport,St. Peter,JE,EU,49.2079,-2.1955,M
JFK,John F. Kennedy International Airport,New York,US,NA,40.6394,-73.7793,L
JGA,Jamnagar Airport,Jamnagar,IN,AS,22.4655,70.0126,M
JGD,Daxing'anling Elunchun Airport,Jiagedaqi,CN,AS,50.3714,124.1175,M
JGN,Jiayuguan International Airport,Jiayuguan,CN,AS,39.8591,98.3393,L
JGS,Jinggangshan Airport,Ji'an,CN,AS,26.8569,114.7370,M
JHB,Senai International Airport,Johor Bahru,MY,AS,1.6413,103.6700,L
JHG,Xishuangbanna Gasa International Airport,Jinghong (Gasa),CN,AS,21.9746,100.7622,L
JHM,Kapalua Airport,Lahaina,US,OC,20.9629,-156.6730,M
JHS,Sisimiut Airport,Sisimiut,GL,NA,66.9513,-53.7293,M
JIB,Djibouti-Ambouli Airport,Djibouti City,DJ,AF,11.5473,43.1595,L
JIC,Jinchang Jinchuan Airport,Jinchang,CN,AS,38.5422,102.3483,M
JIJ,Gerad Wilwal International Airport,Jijiga,ET,AF,9.3319,42.9118,L
JIM,Jimma Airport,Jimma,ET,AF,7.6661,36.8166,M
JIQ,Qianjiang Wulingshan Airport,Qianjiang,CN,AS,29.5133,108.8311,M
JJD,Comandante Ariston Pessoa Airport,Cruz,BR,SA,-2.9064,-40.3573,M
JJN,Quanzhou Jinjiang International Airport,Quanzhou,CN,AS,24.7959,118.5886,L
JJU,Qaqortoq Airport,Qaqortoq,GL,NA,60.7638,-46.0650,M
JKG,Jönköping Airport,Jönköping,SE,EU,57.7576,14.0687,M
JKH,Chios Island National Airport,Chios Island,GR,EU,38.3432,26.1406,M
JKR,Janakpur Airport,Janakpur,NP,AS,26.7088,85.9224,M
JLN,Joplin Regional Airport,Joplin,US,NA,37.1518,-94.4983,M
JLR,Jabalpur Airport,Jabalpur,IN,AS,23.1778,80.0520,M
JMJ,Lancang Jingmai Airport,Pu'er (Lancang),CN,AS,22.4177,99.7840,M
JMK,Mykonos Island National Airport,Mykonos,GR,EU,37.4351,25.3481,M
JMS,Jamestown Regional Airport,Jamestown,US,NA,46.9297,-98.6782,M
JMU,Jiamusi Songjiang International Airport,Jiamusi,CN,AS,46.8428,130.4643,M
JNB,O.R. Tambo International Airport,Johannesburg,ZA,AF,-26.1401,28.2468,L
JNG,Jining Da'an Airport,Jining,CN,AS,35.6474,116.7433,M
JNH,Jiaxing Nanhu Airport,"Xiuzhou, Hangzhou",CN,AS,30.6981,120.6631,M
JNU,Juneau International Airport,Juneau,US,NA,58.3549,-134.5744,M
JNZ,Jinzhou Bay Airport,Jinzhou (Linghai),CN,AS,40.9360,121.2771,M
JOE,Joensuu Airport,Joensuu,FI,EU,62.6588,29.6194,M
JOG,Adisutjipto International Airport,Yogyakarta,ID,AS,-7.7882,110.4320,M
JOI,Lauro Carneiro de Loyola Airport,Joinville,BR,SA,-26.2245,-48.7974,M
JOL,Jolo Airport,Jolo,PH,AS,6.0537,121.0110,M
JOS,Yakubu Gowon Airport,Jos,NG,AF,9.6398,8.8691,M
JPA,Presidente Castro Pinto International Airport,João Pessoa,BR,SA,-7.1487,-34.9506,L
JRH,Jorhat Airport,Jorhat,IN,AS,26.7305,94.1754,M
JRO,Kilimanjaro International Airport,Arusha,TZ,AF,-3.4270,37.0735,L
JSA,Jaisalmer Airport,,IN,AS,26.8887,70.8650,M
JSH,Sitia Airport,Crete Island,GR,EU,35.2161,26.1013,M
JSI,Skiathos Island National Airport,Skiathos,GR,EU,39.1771,23.5037,M
JSJ,Jiansanjiang Shidi Airport,Jiansanjiang,CN,AS,47.1082,132.6579,M
JSR,Jessore Airport,Jashore (Jessore),BD,AS,23.1838,89.1608,M
JST,John Murtha Johnstown Cambria County Airport,Johnstown,US,NA,40.3161,-78.8339,M
JTC,Bauru/Arealva–Moussa Nakhal Tobias State Airport,Bauru,BR,SA,-22.1608,-49.0703,M
JTR,Santorini International Airport,Santorini Island,GR,EU,36.4000,25.4786,L
JUB,Juba International Airport,Juba,SS,AF,4.8720,31.6011,L
JUJ,Gobernador Horacio Guzman International Airport,San Salvador de Jujuy,AR,SA,-24.3928,-65.0978,L
JUL,Inca Manco Capac International Airport,Juliaca,PE,SA,-15.4677,-70.1565,L
JUZ,Quzhou Airport,Quzhou (Kezheng),CN,AS,28.9661,118.8988,M
JXA,Jixi Xingkaihu Airport,Jixi,CN,AS,45.2930,131.1930,M
JYV,Jyväskylä Airport,Jyväskylän Maalaiskunta,FI,EU,62.3995,25.6783,M
JZH,Jiuzhai Huanglong Airport,Ngawa (Songpan),CN,AS,32.8533,103.6822,M
KAB,Kariba Airport,Kariba,ZW,AF,-16.5198,28.8850,M
KAC,Qamishli International Airport,Qamishli,SY,AS,37.0206,41.1914,M
KAD,Kaduna International Airport,Kaduna,NG,AF,10.6960,7.3201,L
KAI,Kaieteur Airport,Kaieteur Falls,GY,SA,5.1773,-59.4890,M
KAJ,Kajaani Airport,Kajaani,FI,EU,64.2855,27.6924,M
KAN,Mallam Aminu Kano International Airport,Kano,NG,AF,12.0456,8.5236,L
KAO,Kuusamo Airport,Kuusamo,FI,EU,65.9876,29.2394,M
KAT,Kaitaia Airport,Awanui,NZ,OC,-35.0698,173.2871,M
KAW,Kawthoung Airport,Kawthoung,MM,AS,10.0493,98.5380,M
KBL,Kabul International Airport,Kabul,AF,AS,34.5659,69.2123,L
KBR,Sultan Ismail Petra Airport,Kota Baharu,MY,AS,6.1669,102.2930,M
KBV,Krabi International Airport,Krabi,TH,AS,8.0956,98.9890,L
KCH,Kuching International Airport,Kuching,MY,AS,1.4874,110.3529,L
KCM,Kahramanmaraş Airport,Kahramanmaraş,TR,AS,37.5388,36.9535,M
KCT,Koggala Airport,Galle,LK,AS,5.9937,80.3203,M
KCY,Krasnoyarsk Cheremshanka Airport,Krasnoyarsk,RU,AS,56.1776,92.5459,M
KCZ,Kochi Ryoma Airport,Nankoku,JP,AS,33.5452,133.6702,L
KDH,Ahmad Shah Baba International Airport,Kandahar,AF,AS,31.5058,65.8480,L
KDL,Kärdla Airport,Kärdla,EE,EU,58.9908,22.8307,M
KDM,Kaadedhdhoo Airport,Huvadhu Atoll,MV,AS,0.4881,72.9969,M
KDO,Kadhdhoo Airport,Kadhdhoo,MV,AS,1.8592,73.5219,M
KDU,Skardu International Airport,Skardu,PK,AS,35.3387,75.5386,L
KEF,Keflavik International Airport,Reykjavík,IS,EU,63.9850,-22.6056,L
KEJ,Alexei Leonov Kemerovo International Airport,Kemerovo,RU,AS,55.2701,86.1072,L
KEM,Kemi-Tornio Airport,Kemi / Tornio,FI,EU,65.7787,24.5821,M
KEP,Nepalgunj Airport,Nepalgunj,NP,AS,28.1036,81.6670,M
KER,Ayatollah Hashemi Rafsanjani International Airport,Kerman,IR,AS,30.2713,56.9497,L
KET,Kengtung Airport,Kengtung,MM,AS,21.3016,99.6360,M
KFS,Kastamonu Airport,Kastamonu,TR,AS,41.3142,33.7958,M
KGA,Kananga Airport,Kananga,CD,AF,-5.9001,22.4692,M
KGC,Kingscote Airport,,AU,OC,-35.7139,137.5210,M
KGD,Khrabrovo Airport,Kaliningrad,RU,EU,54.8916,20.5986,L
KGF,Sary-Arka Airport,Karaganda,KZ,AS,49.6708,73.3344,L
KGI,Kalgoorlie Boulder Airport,Broadwood,AU,OC,-30.7915,121.4646,M
KGL,Kigali International Airport,Kigali,RW,AF,-1.9686,30.1395,L
KGP,Kogalym International Airport,Kogalym,RU,AS,62.1904,74.5338,M
KGS,"Kos International Airport ""Ippokratis""",Kos Island,GR,AS,36.7945,27.0911,L
KGT,Kangding Airport,Garzê (Kangding),CN,AS,30.1425,101.7387,M
KHD,Khoram Abad Airport,,IR,AS,33.4354,48.2829,M
KHG,Kashgar Laining International Airport,Kashgar,CN,AS,39.5423,76.0202,L
KHH,Kaohsiung International Airport,Kaohsiung (Xiaogang),TW,AS,22.5771,120.3500,L
KHI,Jinnah International Airport,Karachi,PK,AS,24.9065,67.1608,L
KHK,Khark Airport,Khark,IR,AS,29.2605,50.3222,M
KHN,Nanchang Changbei International Airport,Nanchang,CN,AS,28.8648,115.9027,L
KHS,Khasab Airport,Khasab,OM,AS,26.1710,56.2406,M
KHT,Khost International Airport,Khost,AF,AS,33.2846,69.8073,M
KHV,Khabarovsk Novy Airport,Khabarovsk,RU,AS,48.5283,135.1886,M
KHX,Savannah Airstrip,Kihihi,UG,AF,-0.7165,29.6997,M
KIH,Kish International Airport,Kish Island,IR,AS,26.5254,53.9805,L
KIJ,Niigata Airport,Niigata,JP,AS,37.9542,139.1122,L
KIK,Kirkuk International Airport,Kirkuk,IQ,AS,35.4695,44.3489,L
KIM,Kimberley Airport,Kimberley,ZA,AF,-28.8054,24.7649,L
KIN,Norman Manley International Airport,Kingston,JM,NA,17.9357,-76.7875,L
KIR,Kerry Airport,Farranfore,IE,EU,52.1809,-9.5238,M
KIS,Kisumu International Airport,Kisumu,KE,AF,-0.0861,34.7289,L
KIX,Kansai International Airport,Osaka,JP,AS,34.4273,135.2440,L
KJA,Krasnoyarsk International Airport,Krasnoyarsk,RU,AS,56.1757,92.4858,L
KJB,Kurnool Airport,Orvakal,IN,AS,15.7163,78.1692,M
KJH,Kaili Huangping Airport,Kaili  (Huangping),CN,AS,26.9720,107.9880,M
KJI,Burqin Kanas Airport,Burqin,CN,AS,48.2223,86.9959,M
KJT,Kertajati International Airport,Kertajati,ID,AS,-6.6474,108.1656,M
KKC,Khon Kaen Airport,Khon Kaen,TH,AS,16.4666,102.7840,M
KKE,Kerikeri Airport,Kerikeri,NZ,OC,-35.2591,173.9133,M
KKJ,Kitakyushu Airport,Kitakyushu,JP,AS,33.8459,131.0350,L
KKN,"Kirkenes Airport, Høybuktmoen",Kirkenes,NO,EU,69.7258,29.8913,M
KKR,Kaukura Airport,Raitahiti,PF,OC,-15.6633,-146.8850,M
KKS,Kashan Airport,Kashan,IR,AS,33.8953,51.5770,M
KKW,Kikwit Airport,Kikwit,CD,AF,-5.0358,18.7856,M
KKX,Kikai Airport,Kikai,JP,AS,28.3213,129.9280,M
KLH,Kolhapur Airport,Kolhapur,IN,AS,16.6647,74.2894,M
KLO,Kalibo International Airport,Kalibo,PH,AS,11.6794,122.3760,L
KLR,Kalmar Airport,Kalmar,SE,EU,56.6855,16.2876,M
KLU,Klagenfurt Airport,Klagenfurt am Wörthersee,AT,EU,46.6425,14.3377,L
KLV,Karlovy Vary Airport,Karlovy Vary,CZ,EU,50.2030,12.9150,L
KLW,Klawock Airport,Klawock,US,NA,55.5792,-133.0760,M
KLX,Kalamata Airport,Kalamata,GR,EU,37.0683,22.0255,M
KMA,Kerema Airport,Kerema,PG,OC,-7.9636,145.7710,M
KMC,King Khaled Military City Airport,King Khaled Military City,SA,AS,27.9009,45.5282,M
KME,Kamembe Airport,Kamembe,RW,AF,-2.4622,28.9079,M
KMG,Kunming Changshui International Airport,Kunming,CN,AS,25.1103,102.9367,L
KMI,Miyazaki Airport,Miyazaki,JP,AS,31.8772,131.4490,L
KMJ,Kumamoto Airport,Kumamoto,JP,AS,32.8373,130.8550,L
KMQ,Komatsu Airport / JASDF Komatsu Air Base,Kanazawa,JP,AS,36.3934,136.4069,L
KMS,Prempeh I International Airport,Kumasi,GH,AF,6.7146,-1.5908,L
KMW,Kostroma Sokerkino Airport,Kostroma,RU,EU,57.7969,41.0194,M
KND,Kindu Airport,Kindu,CD,AF,-2.9192,25.9154,M
KNG,Utarom Airport,Kaimana,ID,AS,-3.6446,133.6951,M
KNH,Kinmen Airport,Shang-I,TW,AS,24.4279,118.3590,M
KNO,Kualanamu International Airport,Beringin,ID,AS,3.6378,98.8706,L
KNQ,Koné Airport,Koné,NC,OC,-21.0536,164.8388,M
KNS,King Island Airport,,AU,OC,-39.8775,143.8780,M
KNU,Kanpur Airport,Kanpur,IN,AS,26.4043,80.4101,M
KNX,East Kimberley Regional (Kununurra) Airport,Kununurra,AU,OC,-15.7781,128.7080,M
KOA,Ellison Onizuka Kona International Airport at Keāhole,Kailua-Kona,US,OC,19.7388,-156.0456,L
KOE,El Tari Airport,Kupang,ID,AS,-10.1716,123.6710,M
KOI,Kirkwall Airport,"Kirkwall, Orkney Islands",GB,EU,58.9579,-2.9051,M
KOJ,Kagoshima Airport,Kagoshima,JP,AS,31.8034,130.7190,L
KOK,Kokkola-Pietarsaari Airport,Kokkola / Kruunupyy,FI,EU,63.7212,23.1431,M
KOP,Nakhon Phanom Airport,Nakhon Phanom,TH,AS,17.3838,104.6430,M
KOS,Sihanouk International Airport,Preah Sihanouk,KH,AS,10.5706,103.6321,L
KOV,Kokshetau International Airport,Kokshetau,KZ,AS,53.3291,69.5946,L
KPO,Pohang Airport (G-815/K-3),Pohang,KR,AS,35.9880,129.4204,M
KPW,Keperveem Airport,Keperveem,RU,AS,67.8450,166.1400,M
KQH,Kishangarh Airport Ajmer,Ajmer (Kishangarh),IN,AS,26.5910,74.8130,M
KQT,Bokhtar International Airport,Bokhtar,TJ,AS,37.8663,68.8645,L
KRF,Kramfors-Sollefteå Höga Kusten Airport,Nyland,SE,EU,63.0486,17.7689,M
KRK,Kraków John Paul II International Airport,Balice,PL,EU,50.0777,19.7848,L
KRL,Korla Licheng Airport,Korla,CN,AS,41.6150,86.1408,M
KRN,Kiruna Airport,Kiruna,SE,EU,67.8220,20.3368,L
KRO,Kurgan Airport,Kurgan,RU,AS,55.4753,65.4156,M
KRP,Midtjyllands Airport / Air Base Karup,Karup,DK,EU,56.2971,9.1043,M
KRR,Krasnodar Pashkovsky International Airport,Krasnodar,RU,EU,45.0345,39.1742,L
KRS,Kristiansand Airport,Kristiansand(Kjevik),NO,EU,58.2042,8.0854,L
KRT,Khartoum International Airport,Khartoum,SD,AF,15.5895,32.5532,L
KRW,Turkmenbaşy International Airport,Turkmenbaşy,TM,AS,40.0628,53.0051,M
KSA,Kosrae International Airport,Okat,FM,OC,5.3570,162.9580,L
KSC,Košice International Airport,Košice,SK,EU,48.6631,21.2411,M
KSD,Karlstad Airport,Karlstad,SE,EU,59.4447,13.3374,M
KSF,Kassel Airport,Calden,DE,EU,51.4184,9.3916,L
KSH,Shahid Ashrafi Esfahani Airport,Kermanshah,IR,AS,34.3459,47.1581,M
KSL,Kassala Airport,Kassala,SD,AF,15.3875,36.3288,M
KSN,Kostanay International Airport,Kostanay,KZ,AS,53.2069,63.5503,L
KSU,"Kristiansund Airport, Kvernberget",Kvernberget,NO,EU,63.1118,7.8245,M
KSY,Kars Airport,Kars,TR,AS,40.5622,43.1150,M
KSZ,Kotlas Airport,Kotlas,RU,EU,61.2358,46.6975,M
KTA,Karratha Airport,Karratha,AU,OC,-20.7122,116.7730,M
KTD,Kitadaito Airport,Kitadaitōjima,JP,AS,25.9447,131.3270,M
KTG,Rahadi Osman Airport,Ketapang,ID,AS,-1.8172,109.9635,M
KTI,Techo International Airport,Phnom Penh (Boeng Khyang),KH,AS,11.3600,104.9213,L
KTM,Tribhuvan International Airport,Kathmandu,NP,AS,27.6966,85.3591,L
KTN,Ketchikan International Airport,Ketchikan,US,NA,55.3556,-131.7140,M
KTP,Tinson Pen Airport,Tinson Pen,JM,NA,17.9886,-76.8238,M
KTT,Kittilä International Airport,Kittilä,FI,EU,67.7010,24.8468,L
KTW,Katowice Wojciech Korfanty International Airport,Katowice,PL,EU,50.4760,19.0807,L
KUA,Kuantan Airport,Kuantan,MY,AS,3.7754,103.2090,M
KUF,Kurumoch International Airport,Samara,RU,EU,53.5049,50.1643,L
KUH,Kushiro Airport,Kushiro,JP,AS,43.0410,144.1930,M
KUL,Kuala Lumpur International Airport,Sepang,MY,AS,2.7456,101.7100,L
KUM,Yakushima Airport,Yakushima,JP,AS,30.3856,130.6590,M
KUN,Kaunas International Airport,Kaunas,LT,EU,54.9640,24.0858,L
KUO,Kuopio Airport,Kuopio / Siilinjärvi,FI,EU,63.0071,27.7978,L
KUS,Kulusuk Airport,Kulusuk,GL,NA,65.5736,-37.1236,M
KUT,David the Builder Kutaisi International Airport,Kopitnari,GE,AS,42.1774,42.4854,L
KUU,Kullu Manali Airport,Bhuntar,IN,AS,31.8767,77.1544,M
KUV,Gunsan Airport / Gunsan Air Base,Gunsan,KR,AS,35.9038,126.6160,M
KVA,Kavala Alexander the Great International Airport,Kavala,GR,EU,40.9133,24.6192,L
KVG,Kavieng Airport,Kavieng,PG,OC,-2.5794,150.8080,M
KVO,Morava Airport,Kraljevo,RS,EU,43.8175,20.5867,M
KVX,Pobedilovo Airport,Kirov,RU,EU,58.5039,49.3478,M
KWA,Bucholz Army Air Field,Kwajalein,MH,OC,8.7201,167.7320,M
KWE,Guiyang Longdongbao International Airport,Guiyang (Nanming),CN,AS,26.5418,106.8040,L
KWI,Kuwait International Airport,Kuwait City,KW,AS,29.2245,47.9698,L
KWJ,Gwangju Airport,Gwangju,KR,AS,35.1232,126.8054,M
KWL,Guilin Liangjiang International Airport,Guilin (Lingui),CN,AS,25.2198,110.0396,L
KWM,Kowanyama Airport,Kowanyama,AU,OC,-15.4854,141.7526,M
KWZ,Kolwezi Airport,Kolwezi,CD,AF,-10.7659,25.5057,M
KXB,Sangia Nibandera Airport,Kolaka,ID,AS,-4.3382,121.5240,M
KXK,Komsomolsk-on-Amur Airport,Komsomolsk-on-Amur,RU,AS,50.4090,136.9340,M
KYA,Konya Airport,Konya,TR,AS,37.9790,32.5619,L
KYD,Lanyu Airport,Orchid Island,TW,AS,22.0270,121.5350,M
KYP,Kyaukpyu Airport,Kyaukpyu,MM,AS,19.4264,93.5348,M
KYS,Kayes Dag Dag Airport,Kayes,ML,AF,14.4825,-11.3993,M
KYZ,Kyzyl Airport,Kyzyl,RU,AS,51.6694,94.4006,M
KZI,Kozani National Airport Filippos,Kozani,GR,EU,40.2861,21.8408,M
KZN,Kazan International Airport,Kazan,RU,AS,55.6062,49.2787,L
KZO,Korkyt Ata International Airport,Kyzylorda,KZ,AS,44.7069,65.5925,L
KZR,Zafer Airport,Altıntaş,TR,AS,39.1111,30.1304,M
LAD,Quatro de Fevereiro International Airport,Luanda,AO,AF,-8.8584,13.2312,L
LAE,Nadzab Tomodachi International Airport,Lae,PG,OC,-6.5680,146.7265,L
LAF,Purdue University Airport,West Lafayette,US,NA,40.4129,-86.9394,M
LAJ,Lages Airport,Lages,BR,SA,-27.7821,-50.2815,M
LAL,Lakeland Linder International Airport,Lakeland,US,NA,27.9893,-82.0207,M
LAN,Capital Region International Airport,Lansing,US,NA,42.7776,-84.5857,M
LAO,Laoag International Airport,Laoag City,PH,AS,18.1751,120.5310,L
LAP,Manuel Márquez de León International Airport,La Paz,MX,NA,24.0723,-110.3627,M
LAQ,Al Abraq International Airport,Al Albraq,LY,AF,32.7890,21.9549,L
LAR,Laramie Regional Airport,Laramie,US,NA,41.3121,-105.6750,M
LAS,Harry Reid International Airport,Las Vegas,US,NA,36.0834,-115.1518,L
LAU,Manda Airport,Lamu,KE,AF,-2.2524,40.9129,M
LAW,Lawton Fort Sill Regional Airport,Lawton,US,NA,34.5677,-98.4166,M
LAX,Los Angeles International Airport,Los Angeles,US,NA,33.9425,-118.4080,L
LBA,Leeds Bradford Airport,"Leeds, West Yorkshire",GB,EU,53.8659,-1.6606,L
LBB,Lubbock Preston Smith International Airport,Lubbock,US,NA,33.6636,-101.8230,M
LBC,Lübeck Blankensee Airport,Lübeck,DE,EU,53.8054,10.7192,M
LBD,Khujand International Airport,Khujand,TJ,AS,40.2154,69.6947,L
LBE,Arnold Palmer Regional Airport,Latrobe,US,NA,40.2759,-79.4048,M
LBF,North Platte Regional Airport Lee Bird Field,North Platte,US,NA,41.1262,-100.6840,M
LBL,Liberal Mid-America Regional Airport,Liberal,US,NA,37.0442,-100.9600,M
LBS,Labasa Airport,Labasa,FJ,OC,-16.4667,179.3400,M
LBU,Labuan Airport,Labuan,MY,AS,5.3017,115.2483,M
LBV,Libreville Leon M'ba International Airport,Libreville,GA,AF,0.4590,9.4121,L
LCA,Larnaca International Airport,Larnaca,CY,AS,34.8751,33.6249,L
LCE,Golosón International Airport,La Ceiba,HN,NA,15.7425,-86.8530,M
LCG,A Coruña Airport,Culleredo,ES,EU,43.3021,-8.3773,M
LCH,Lake Charles Regional Airport,Lake Charles,US,NA,30.1261,-93.2233,M
LCJ,Łódź Władysław Reymont Airport,Łódź,PL,EU,51.7219,19.3981,L
LCK,Rickenbacker International Airport,Columbus,US,NA,39.8138,-82.9278,M
LCX,Liancheng Guanzhishan Airport,Longyan (Liancheng),CN,AS,25.6759,116.7459,M
LCY,London City Airport,London,GB,EU,51.5053,0.0553,M
LDB,Governor José Richa Airport,Londrina,BR,SA,-23.3344,-51.1284,M
LDE,Tarbes-Lourdes-Pyrénées Airport,Tarbes/Lourdes/Pyrénées,FR,EU,43.1787,-0.0064,M
LDS,Yichun Lindu Airport,Yichun,CN,AS,47.7521,129.0191,M
LDU,Lahad Datu Airport,Lahad Datu,MY,AS,5.0324,118.3238,M
LDX,Saint-Laurent-du-Maroni Airport,Saint-Laurent-du-Maroni,GF,SA,5.4819,-54.0350,M
LDY,City of Derry Airport,"Derry, Derry and Strabane",GB,EU,55.0428,-7.1611,M
LEA,Learmonth Airport,Exmouth,AU,OC,-22.2352,114.0900,M
LEB,Lebanon Municipal Airport,Lebanon,US,NA,43.6261,-72.3042,M
LED,Pulkovo Airport,St. Petersburg,RU,EU,59.8003,30.2625,L
LEI,Almería Airport,Almería,ES,EU,36.8439,-2.3701,M
LEJ,Leipzig/Halle Airport,Schkeuditz,DE,EU,51.4207,12.2327,L
LEN,León Airport,La Virgen del Camino,ES,EU,42.5907,-5.6534,M
LER,Leinster Airport,,AU,OC,-27.8433,120.7030,M
LET,Alfredo Vásquez Cobo International Airport,Leticia,CO,SA,-4.1911,-69.9420,M
LEU,Pirineus - la Seu d'Urgel Airport,La Seu d'Urgell Pyrenees and Andorra,ES,EU,42.3386,1.4092,M
LEX,Blue Grass Airport,Lexington,US,NA,38.0351,-84.6067,M
LFM,Lamerd Airport,Lamerd,IR,AS,27.3727,53.1888,M
LFQ,Linfen Yaodu Airport,Linfen (Yaodu),CN,AS,36.1326,111.6412,M
LFT,Lafayette Regional Airport,Lafayette,US,NA,30.2053,-91.9876,M
LFW,Lomé–Tokoin International Airport,Lomé,TG,AF,6.1656,1.2545,L
LGA,LaGuardia Airport,New York,US,NA,40.7772,-73.8726,L
LGB,Long Beach International Airport,Long Beach,US,NA,33.8165,-118.1499,L
LGG,Liège Airport,Grâce-Hollogne,BE,EU,50.6386,5.4439,M
LGI,Deadman's Cay Airport,Deadman's Cay,BS,NA,23.1790,-75.0936,M
LGK,Langkawi International Airport,Langkawi,MY,AS,6.3297,99.7287,L
LGW,London Gatwick Airport,London,GB,EU,51.1487,-0.1857,L
LHE,Allama Iqbal International Airport,Lahore,PK,AS,31.5216,74.4036,L
LHG,Lightning Ridge Airport,,AU,OC,-29.4529,147.9771,M
LHL,Lachin International Airport,Lachin,AZ,AS,39.8838,46.3631,M
LHR,London Heathrow Airport,London,GB,EU,51.4707,-0.4599,L
LHS,Las Heras Airport,Las Heras,AR,SA,-46.5385,-68.9653,M
LHW,Lanzhou Zhongchuan International Airport,Lanzhou (Yongdeng),CN,AS,36.5152,103.6200,L
LIF,Lifou Airport,Lifou,NC,OC,-20.7746,167.2393,M
LIG,Limoges Airport,Limoges/Bellegarde,FR,EU,45.8628,1.1794,M
LIH,Lihue Airport,"Lihue, Kauai",US,OC,21.9744,-159.3371,L
LIL,Lille Airport,Lesquin,FR,EU,50.5666,3.1024,L
LIM,Jorge Chávez International Airport,Lima,PE,SA,-12.0219,-77.1143,L
LIN,Milano Linate Airport,Segrate (MI),IT,EU,45.4451,9.2767,L
LIO,Limón International Airport,Limón,CR,NA,9.9580,-83.0220,M
LIR,Daniel Oduber Quirós International Airport,Liberia,CR,NA,10.5933,-85.5444,L
LIS,Lisbon Humberto Delgado Airport,Lisbon,PT,EU,38.7813,-9.1359,L
LIT,Bill & Hillary Clinton National Airport/Adams Field,Little Rock,US,NA,34.7292,-92.2236,M
LIW,Loikaw Airport,Loikaw,MM,AS,19.6915,97.2148,M
LJG,Lijiang Sanyi International Airport,Lijiang,CN,AS,26.6775,100.2449,L
LJU,Ljubljana Jože Pučnik Airport,Zgornji Brnik,SI,EU,46.2237,14.4576,L
LKL,"Lakselv Airport, Banak",Lakselv,NO,EU,70.0688,24.9735,M
LKN,Leknes Airport,Leknes,NO,EU,68.1525,13.6094,M
LKO,Chaudhary Charan Singh International Airport,Lucknow,IN,AS,26.7606,80.8893,L
LLA,Luleå Airport,Luleå,SE,EU,65.5438,22.1220,L
LLF,Yongzhou Lingling Airport,Yongzhou,CN,AS,26.3387,111.6100,M
LLV,Lüliang Dawu Airport,Lüliang,CN,AS,37.6833,111.1428,M
LLW,Kamuzu International Airport,Lumbadzi,MW,AF,-13.7894,33.7810,L
LMM,Valle del Fuerte International Airport,Los Mochis,MX,NA,25.6855,-109.0812,M
LMN,Limbang Airport,Limbang,MY,AS,4.8083,115.0100,M
LMP,Lampedusa Airport,Lampedusa,IT,EU,35.4979,12.6181,M
LNJ,Lincang Boshang Airport,Lincang,CN,AS,23.7381,100.0250,M
LNK,Lincoln Airport,Lincoln,US,NA,40.8449,-96.7618,M
LNL,Longnan Chengzhou Airport,Longnan (Cheng),CN,AS,33.7899,105.7900,M
LNO,Leonora Airport,Leonora,AU,OC,-28.8781,121.3150,M
LNS,Lancaster Airport,Lancaster,US,NA,40.1217,-76.2961,M
LNY,Lanai Airport,Lanai City,US,OC,20.7857,-156.9513,M
LNZ,Linz-Hörsching Airport,Linz,AT,EU,48.2354,14.1881,L
LOE,Loei Airport,,TH,AS,17.4391,101.7220,M
LOO,Laghouat - Molay Ahmed Medeghri Airport,Laghouat,DZ,AF,33.7644,2.9283,M
LOP,Lombok International Airport,"Mataram (Pujut, Lombok Tengah)",ID,AS,-8.7600,116.2782,L
LOS,Murtala Muhammed International Airport,Lagos,NG,AF,6.5774,3.3212,L
LPA,Gran Canaria Airport,Gran Canaria Island,ES,AF,27.9319,-15.3866,L
LPB,El Alto International Airport,La Paz / El Alto,BO,SA,-16.5103,-68.1894,L
LPF,Liupanshui Yuezhao Airport,Liupanshui (Zhongshan),CN,AS,26.6094,104.9790,M
LPI,Linköping City Airport,Linköping,SE,EU,58.4049,15.6845,L
LPL,Liverpool John Lennon Airport,Liverpool,GB,EU,53.3349,-2.8496,L
LPP,Lappeenranta Airport,Lappeenranta,FI,EU,61.0446,28.1447,L
LPQ,Luang Phabang International Airport,Luang Phabang,LA,AS,19.9043,102.1672,L
LPT,Lampang Airport,,TH,AS,18.2709,99.5042,M
LRD,Laredo International Airport,Laredo,US,NA,27.5438,-99.4616,M
LRE,Longreach Airport,Longreach,AU,OC,-23.4320,144.2775,M
LRH,La Rochelle Île de Ré Airport,La Rochelle,FR,EU,46.1792,-1.1953,M
LRM,Casa De Campo International Airport,La Romana,DO,NA,18.4522,-68.9111,L
LRR,Lar Airport,Lar,IR,AS,27.6747,54.3833,M
LRU,Las Cruces International Airport,Las Cruces,US,NA,32.2894,-106.9220,M
LSC,La Florida Airport,La Serena-Coquimbo,CL,SA,-29.9162,-71.1995,M
LSE,La Crosse Regional Airport,La Crosse,US,NA,43.8790,-91.2567,M
LSG,Leshan Airport,Leshan (Wutongqiao),CN,AS,29.4386,103.7492,M
LSH,Lashio Airport,Lashio,MM,AS,22.9779,97.7522,M
LSI,Sumburgh Airport,"Lerwick, Shetland",GB,EU,59.8789,-1.2956,M
LSP,Josefa Camejo International Airport,Paraguaná,VE,SA,11.7808,-70.1515,M
LSR,Alas Leuser Airport,Kutacane,ID,AS,3.3915,97.8637,M
LST,Launceston Airport,Launceston (Western Junction),AU,OC,-41.5449,147.2108,M
LSY,Lismore Airport,Lismore,AU,OC,-28.8307,153.2584,M
LTD,Ghadames Airport,Ghadames,LY,AF,30.1455,9.7021,M
LTI,Altai Airport,Altai,MN,AS,46.3764,96.2211,M
LTK,Latakia International Airport,Latakia,SY,AS,35.4011,35.9487,M
LTM,Lethem Airport,Lethem,GY,SA,3.3728,-59.7894,M
LTN,London Luton Airport,"Luton, Luton",GB,EU,51.8747,-0.3683,L
LTO,Loreto International Airport,Loreto,MX,NA,25.9895,-111.3484,L
LTU,Murod Kond Airport,Latur,IN,AS,18.4115,76.4647,M
LTX,Cotopaxi International Airport,Latacunga,EC,SA,-0.9068,-78.6158,M
LUA,Tenzing-Hillary Airport,Lukla,NP,AS,27.6868,86.7295,M
LUD,Luderitz Airport,Luderitz,NA,AF,-26.6874,15.2429,M
LUG,Lugano Airport,Agno,CH,EU,46.0043,8.9106,M
LUK,Cincinnati Municipal Airport Lunken Field,Cincinnati,US,NA,39.1024,-84.4189,M
LUM,Dehong Mangshi International Airport,Dehong (Mangshi),CN,AS,24.4011,98.5317,M
LUN,Kenneth Kaunda International Airport,Lusaka,ZM,AF,-15.3308,28.4527,L
LUQ,Brigadier Mayor D Cesar Raul Ojeda Airport,San Luis,AR,SA,-33.2732,-66.3564,M
LUR,Cape Lisburne LRRS Airport,Cape Lisburne,US,NA,68.8751,-166.1100,M
LUV,Karel Sadsuitubun Airport,Langgur,ID,AS,-5.7603,132.7594,M
LUX,Luxembourg-Findel International Airport,Luxembourg,LU,EU,49.6268,6.2121,L
LUZ,Lublin Airport,Lublin,PL,EU,51.2402,22.7135,L
LVI,Harry Mwanga Nkumbula International Airport,Livingstone,ZM,AF,-17.8215,25.8196,L
LWB,Greenbrier Valley Airport,Lewisburg,US,NA,37.8579,-80.4004,M
LWN,Shirak International Airport,Gyumri,AM,AS,40.7504,43.8593,L
LWS,Lewiston Nez Perce County Airport,Lewiston,US,NA,46.3745,-117.0150,M
LXA,Lhasa Gonggar International Airport,Shannan (Gonggar),CN,AS,29.2980,90.9120,L
LXR,Luxor International Airport,Luxor,EG,AF,25.6710,32.7064,L
LYA,Luoyang Beijiao Airport,Luoyang (Laocheng),CN,AS,34.7411,112.3880,L
LYC,Lycksele Airport,Lycksele,SE,EU,64.5483,18.7162,M
LYG,Lianyungang Huaguoshan International Airport,Lianyungang,CN,AS,34.4141,119.1790,L
LYH,Lynchburg Regional Airport - Preston Glenn Field,Lynchburg,US,NA,37.3267,-79.2004,M
LYI,Linyi Qiyang Airport,Linyi (Hedong),CN,AS,35.0529,118.4118,M
LYP,Faisalabad International Airport,Faisalabad,PK,AS,31.3649,72.9953,L
LYR,"Svalbard Airport, Longyear",Longyearbyen,NO,EU,78.2461,15.4656,M
LYS,Lyon Saint-Exupéry Airport,"Colombier-Saugnieu, Rhône",FR,EU,45.7260,5.0901,L
LZG,Langzhong Gucheng Airport,Nanchong (Langzhong),CN,AS,31.5019,106.0344,M
LZH,Liuzhou Bailian Airport / Bailian Air Base,Liuzhou (Liujiang),CN,AS,24.2075,109.3910,M
LZN,Matsu Nangan Airport,Matsu (Nangan),TW,AS,26.1597,119.9584,M
LZO,Luzhou Yunlong Airport,Luzhou (Yunlong),CN,AS,29.0304,105.4684,M
LZY,Nyingchi Mainling Airport,Nyingchi (Mainling),CN,AS,29.3033,94.3353,M
MAA,Chennai International Airport,Chennai,IN,AS,12.9900,80.1693,L
MAB,João Correa da Rocha Airport,Marabá,BR,SA,-5.3686,-49.1380,M
MAD,Adolfo Suárez Madrid–Barajas Airport,Madrid,ES,EU,40.4934,-3.5722,L
MAF,Midland International Air and Space Port,Midland,US,NA,31.9425,-102.2020,M
MAG,Madang Airport,Madang,PG,OC,-5.2071,145.7890,M
MAH,Menorca Airport,Mahón (Maó),ES,EU,39.8626,4.2187,L
MAJ,Marshall Islands International Airport,Majuro Atoll,MH,OC,7.0651,171.2717,L
MAK,Malakal International Airport,Malakal,SS,AF,9.5587,31.6519,M
MAM,General Servando Canales International Airport,Matamoros,MX,NA,25.7699,-97.5253,M
MAN,Manchester Airport,"Manchester, Greater Manchester",GB,EU,53.3494,-2.2795,L
MAO,Eduardo Gomes International Airport,Manaus,BR,SA,-3.0386,-60.0497,L
MAQ,Mae Sot Airport,,TH,AS,16.6999,98.5451,M
MAR,La Chinita International Airport,Maracaibo,VE,SA,10.5575,-71.7293,L
MAS,Momote Airport,Manus Island,PG,OC,-2.0619,147.4240,M
MAU,Maupiti Airport,,PF,OC,-16.4265,-152.2440,M
MAZ,Eugenio Maria De Hostos Airport,Mayaguez,PR,NA,18.2557,-67.1485,M
MBA,Moi International Airport,Mombasa,KE,AF,-4.0348,39.5942,L
MBD,Mmabatho International Airport,Mafeking,ZA,AF,-25.7984,25.5480,M
MBE,Monbetsu Airport,Monbetsu,JP,AS,44.3039,143.4040,M
MBI,Songwe Airport,Mbeya,TZ,AF,-8.9199,33.2740,M
MBJ,Sangster International Airport,Montego Bay,JM,NA,18.5034,-77.9132,L
MBS,MBS International Airport,Freeland,US,NA,43.5332,-84.0831,M
MBT,Moises R. Espinosa Airport,Masbate,PH,AS,12.3697,123.6301,M
MBW,Melbourne Moorabbin Airport,Melbourne,AU,OC,-37.9778,145.0998,M
MBX,Maribor Edvard Rusjan Airport,Maribor,SI,EU,46.4799,15.6861,M
MCE,Merced Regional Macready Field,Merced,US,NA,37.2847,-120.5140,M
MCG,McGrath Airport,McGrath,US,NA,62.9529,-155.6060,M
MCI,Kansas City International Airport,Kansas City,US,NA,39.3017,-94.7139,L
MCK,McCook Ben Nelson Regional Airport,McCook,US,NA,40.2078,-100.5928,M
MCN,Middle Georgia Regional Airport,Macon,US,NA,32.6928,-83.6492,M
MCO,Orlando International Airport,Orlando,US,NA,28.4294,-81.3090,L
MCP,Macapá - Alberto Alcolumbre International Airport,Macapá,BR,SA,0.0507,-51.0722,M
MCT,Muscat International Airport,Muscat/Seeb,OM,AS,23.6002,58.2853,L
MCW,Mason City Municipal Airport,Mason City,US,NA,43.1598,-93.3297,M
MCX,Makhachkala Uytash International Airport,Makhachkala,RU,AS,42.8168,47.6523,L
MCY,Sunshine Coast Airport,Maroochydore,AU,OC,-26.5933,153.0832,L
MCZ,Zumbi dos Palmares International Airport,Maceió,BR,SA,-9.5126,-35.7918,L
MDC,Sam Ratulangi International Airport,Manado,ID,AS,1.5486,124.9262,L
MDE,Jose Maria Córdova International Airport,Medellín,CO,SA,6.1645,-75.4231,L
MDG,Mudanjiang Hailang International Airport,Mudanjiang,CN,AS,44.5252,129.5686,M
MDI,Makurdi Airport,Makurdi,NG,AF,7.7039,8.6139,M
MDK,Mbandaka Airport,Mbandaka,CD,AF,0.0226,18.2887,M
MDL,Mandalay International Airport,Mandalay,MM,AS,21.7022,95.9779,L
MDQ,Ástor Piazzola International Airport,Mar del Plata,AR,SA,-37.9342,-57.5733,M
MDT,Harrisburg International Airport,Harrisburg,US,NA,40.1928,-76.7623,M
MDU,Mendi Airport,Mendi,PG,OC,-6.1477,143.6570,M
MDW,Chicago Midway International Airport,Chicago,US,NA,41.7860,-87.7524,L
MDZ,Governor Francisco Gabrielli International Airport,Mendoza,AR,SA,-32.8317,-68.7929,L
MEB,Melbourne Essendon Airport,Essendon Fields,AU,OC,-37.7281,144.9020,M
MEC,Eloy Alfaro International Airport,Manta,EC,SA,-0.9461,-80.6788,M
MED,Prince Mohammad Bin Abdulaziz Airport,Medina,SA,AS,24.5534,39.7051,L
MEE,Maré Airport,Maré,NC,OC,-21.4824,168.0385,M
MEG,Malanje Airport,Malanje,AO,AF,-9.5251,16.3124,M
MEH,Mehamn Airport,Mehamn,NO,EU,71.0297,27.8267,M
MEI,Key Field / Meridian Regional Airport,Meridian,US,NA,32.3326,-88.7519,M
MEL,Melbourne Airport,Melbourne,AU,OC,-37.6707,144.8379,L
MEM,Frederick W. Smith International Airport,Memphis,US,NA,35.0438,-89.9763,L
MEQ,Cut Nyak Dhien Airport,Kuala Pesisir,ID,AS,4.0410,96.2533,M
MEX,Mexico City Benito Juárez International Airport,Mexico City,MX,NA,19.4358,-99.0703,L
MFE,McAllen Miller International Airport,McAllen,US,NA,26.1761,-98.2380,M
MFK,Matsu Beigan Airport,Matsu (Beigan),TW,AS,26.2241,120.0027,M
MFM,Macau International Airport,Nossa Senhora do Carmo,MO,AS,22.1496,113.5920,L
MFR,Rogue Valley International-Medford Airport,Medford,US,NA,42.3742,-122.8730,M
MFU,Mfuwe International Airport,Mfuwe,ZM,AF,-13.2589,31.9366,L
MGA,Augusto C. Sandino (Managua) International Airport,Managua,NI,NA,12.1415,-86.1682,L
MGB,Mount Gambier Airport,Mount Gambier,AU,OC,-37.7444,140.7806,M
MGC,Michigan City Municipal Airport,Michigan City,US,NA,41.7033,-86.8212,M
MGF,Regional de Maringá - Sílvio Name Júnior Airport,Maringá,BR,SA,-23.4761,-52.0162,M
MGH,Margate Airport,Margate,ZA,AF,-30.8574,30.3430,M
MGM,Montgomery Regional (Dannelly Field) Airport,Montgomery,US,NA,32.3006,-86.3940,M
MGQ,Aden Adde International Airport,Mogadishu,SO,AF,2.0144,45.3047,L
MGW,Morgantown Municipal Airport Walter L. (Bill) Hart Field,Morgantown,US,NA,39.6433,-79.9176,M
MGZ,Myeik Airport,Mkeik,MM,AS,12.4398,98.6215,M
MHD,Mashhad International Airport,Mashhad,IR,AS,36.2348,59.6429,L
MHG,Mannheim-City Airport,Mannheim,DE,EU,49.4731,8.5142,M
MHH,Leonard M. Thompson International Airport,Marsh Harbour,BS,NA,26.5107,-77.0843,M
MHK,Manhattan Regional Airport,Manhattan,US,NA,39.1410,-96.6708,M
MHQ,Mariehamn Airport,Mariehamn,FI,EU,60.1222,19.8982,M
MHT,Manchester-Boston Regional Airport,Manchester,US,NA,42.9326,-71.4357,M
MHU,Mount Hotham Airport,Mount Hotham,AU,OC,-37.0475,147.3340,M
MIA,Miami International Airport,Miami,US,NA,25.7960,-80.2898,L
MID,Manuel Crescencio Rejón International Airport,Mérida,MX,NA,20.9305,-89.6455,L
MIG,Mianyang Nanjiao Airport,Mianyang (Fucheng),CN,AS,31.4281,104.7410,M
MII,Frank Miloye Milenkowichi–Marília State Airport,Marília,BR,SA,-22.1969,-49.9265,M
MIM,Merimbula Airport,Merimbula,AU,OC,-36.9086,149.9010,M
MIR,Monastir Habib Bourguiba International Airport,Monastir,TN,AF,35.7581,10.7547,M
MIU,Maiduguri International Airport,Maiduguri,NG,AF,11.8542,13.0807,L
MJF,"Mosjøen Airport, Kjærstad",Mosjøen,NO,EU,65.7840,13.2149,M
MJI,Mitiga International Airport,Tripoli,LY,AF,32.8918,13.2879,L
MJK,Shark Bay Airport,Denham,AU,OC,-25.8973,113.5758,M
MJM,Mbuji Mayi Airport,Mbuji Mayi,CD,AF,-6.1212,23.5690,M
MJN,Amborovy Airport,Mahajanga,MG,AF,-15.6668,46.3512,L
MJT,Mytilene International Airport,Mytilene,GR,EU,39.0574,26.5986,M
MJZ,Mirny Airport,Mirny,RU,AS,62.5347,114.0390,M
MKE,General Mitchell International Airport,Milwaukee,US,NA,42.9472,-87.8966,L
MKG,Muskegon County Airport,Muskegon,US,NA,43.1695,-86.2382,M
MKK,Molokai Airport,Kaunakakai,US,OC,21.1529,-157.0960,M
MKL,McKellar-Sipes Regional Airport,Jackson,US,NA,35.5999,-88.9156,M
MKM,Mukah Airport,Mukah,MY,AS,2.8819,112.0433,M
MKP,Makemo Airport,Makemo,PF,OC,-16.5839,-143.6580,M
MKQ,Mopah International Airport,Merauke,ID,AS,-8.5239,140.4197,M
MKR,Meekatharra Airport,,AU,OC,-26.6117,118.5480,M
MKU,Makokou Airport,Makokou,GA,AF,0.5792,12.8909,M
MKW,Rendani Airport,Manokwari,ID,AS,-0.8918,134.0490,M
MKY,Mackay Airport,Mackay,AU,OC,-21.1708,149.1826,M
MKZ,Malacca International Airport,Malacca,MY,AS,2.2656,102.2528,M
MLA,Malta International Airport,Valletta,MT,EU,35.8459,14.4915,L
MLB,Melbourne Orlando International Airport,Melbourne,US,NA,28.1020,-80.6411,M
MLE,Velana International Airport,Malé,MV,AS,4.1918,73.5291,L
MLG,Abdul Rachman Saleh Airport,Malang,ID,AS,-7.9291,112.7142,M
MLI,Quad City International Airport,Moline,US,NA,41.4485,-90.5075,M
MLM,General Francisco J. Mujica International Airport,Morelia,MX,NA,19.8499,-101.0250,L
MLN,Melilla Airport,Melilla,ES,AF,35.2798,-2.9563,M
MLU,Monroe Regional Airport,Monroe,US,NA,32.5109,-92.0377,M
MLW,Spriggs Payne Airport,Monrovia,LR,AF,6.2891,-10.7587,M
MLX,Malatya Erhaç Airport,Malatya,TR,AS,38.4353,38.0910,M
MMB,Memanbetsu Airport,Ōzora,JP,AS,43.8806,144.1640,M
MMD,Minamidaito Airport,Minamidaito,JP,AS,25.8465,131.2630,M
MME,Teesside International Airport,"Darlington, Durham",GB,EU,54.5092,-1.4294,M
MMG,Mount Magnet Airport,,AU,OC,-28.1161,117.8420,M
MMH,Mammoth Yosemite Airport,Mammoth Lakes,US,NA,37.6254,-118.8431,M
MMJ,Shinshu-Matsumoto Airport,Matsumoto,JP,AS,36.1668,137.9230,M
MMK,Emperor Nicholas II Murmansk Airport,Murmansk,RU,EU,68.7817,32.7508,L
MMO,Maio Airport,Vila do Maio,CV,AF,15.1559,-23.2137,M
MMX,Malmö Sturup Airport,Malmö,SE,EU,55.5356,13.3763,L
MMY,Miyako Airport,Miyakojima,JP,AS,24.7828,125.2950,M
MNC,Nacala International Airport,Nacala,MZ,AF,-14.4882,40.7122,M
MNG,Maningrida Airport,Maningrida,AU,OC,-12.0561,134.2340,M
MNI,John A. Osborne Airport,Gerald's Park,MS,NA,16.7918,-62.1932,L
MNJ,Mananjary Airport,Mananjary,MG,AF,-21.2018,48.3583,M
MNL,Ninoy Aquino International Airport,Manila (Pasay),PH,AS,14.5086,121.0200,L
MNX,Manicoré Airport,Manicoré,BR,SA,-5.8114,-61.2783,M
MOB,Mobile Regional Airport,Mobile,US,NA,30.6912,-88.2428,M
MOC,Mário Ribeiro Airport,Montes Claros,BR,SA,-16.7069,-43.8189,M
MOG,Mong Hsat Airport,Mong Hsat,MM,AS,20.5168,99.2568,M
MOL,"Molde Airport, Årø",Årø,NO,EU,62.7447,7.2625,M
MOQ,Morondava Airport,Morondava,MG,AF,-20.2847,44.3176,M
MOT,Minot International Airport,Minot,US,NA,48.2580,-101.2791,M
MOV,Moranbah Airport,Moranbah,AU,OC,-22.0578,148.0770,M
MOZ,Moorea Temae Airport,Moorea-Maiao,PF,OC,-17.4898,-149.7618,M
MPA,Katima Mulilo Airport,Mpacha,NA,AF,-17.6343,24.1767,M
MPH,Godofredo P. Ramos Airport,Caticlan,PH,AS,11.9245,121.9540,M
MPL,Montpellier-Méditerranée Airport,Montpellier/Méditerranée,FR,EU,43.5762,3.9630,L
MPM,Maputo Airport,Maputo,MZ,AF,-25.9208,32.5726,L
MPN,Mount Pleasant Airport / RAF Mount Pleasant,Mount Pleasant,FK,SA,-51.8226,-58.4458,M
MPY,Maripasoula Airport,Maripasoula,GF,SA,3.6559,-54.0394,M
MQF,Magnitogorsk International Airport,Magnitogorsk,RU,AS,53.3920,58.7552,L
MQJ,Moma Airport,Khonuu,RU,AS,66.4509,143.2616,M
MQL,Mildura Airport,Mildura,AU,OC,-34.2292,142.0860,M
MQM,Mardin Airport,Mardin,TR,AS,37.2233,40.6317,M
MQN,"Mo i Rana Airport, Røssvoll",Mo i Rana,NO,EU,66.3639,14.3014,M
MQP,Kruger Mpumalanga International Airport,Mbombela,ZA,AF,-25.3833,31.1053,L
MQS,Mustique Airport,Lovell,VC,NA,12.8879,-61.1802,M
MQT,Marquette Sawyer Regional Airport,Gwinn,US,NA,46.3515,-87.3959,M
MQX,Mekele Alula Aba Nega Airport,Mekele,ET,AF,13.4674,39.5335,M
MRE,Mara Serena Lodge Airstrip,Serena,KE,AF,-1.4046,35.0083,M
MRI,Merrill Field,Anchorage,US,NA,61.2128,-149.8440,M
MRS,Marseille Provence Airport,"Marignane, Bouches-du-Rhône",FR,EU,43.4381,5.2125,L
MRU,Sir Seewoosagur Ramgoolam International Airport,Plaine Magnien,MU,AF,-20.4302,57.6836,L
MRV,Mineralnye Vody Airport,Mineralnyye Vody,RU,EU,44.2251,43.0819,L
MRX,Mahshahr Airport,Mahshahr,IR,AS,30.5562,49.1519,M
MRY,Monterey Regional Airport,Monterey,US,NA,36.5868,-121.8442,M
MRZ,Moree Airport,Moree,AU,OC,-29.4989,149.8450,M
MSJ,Misawa Airport / Misawa Air Base,Misawa,JP,AS,40.7032,141.3680,M
MSL,Northwest Alabama Regional Airport,Muscle Shoals,US,NA,34.7451,-87.6130,M
MSN,Dane County Regional Truax Field,Madison,US,NA,43.1399,-89.3375,M
MSO,Missoula Montana Airport,Missoula,US,NA,46.9158,-114.0911,M
MSP,Minneapolis–Saint Paul International Airport / Wold–Chamberlain Field,Minneapolis,US,NA,44.8801,-93.2217,L
MSQ,Minsk National Airport,Minsk,BY,EU,53.8881,28.0400,L
MSR,Muş Airport,Muş,TR,AS,38.7478,41.6612,M
MSS,Massena International Airport Richards Field,Massena,US,NA,44.9362,-74.8443,M
MST,Maastricht Aachen Airport,Maastricht,NL,EU,50.9111,5.7694,L
MSU,Moshoeshoe I International Airport,Maseru(Mazenod),LS,AF,-29.4563,27.5545,L
MSY,Louis Armstrong New Orleans International Airport,New Orleans,US,NA,29.9934,-90.2647,L
MSZ,Welwitschia Mirabilis International Airport,Moçâmedes,AO,AF,-15.2612,12.1468,M
MTJ,Montrose Regional Airport,Montrose,US,NA,38.5098,-107.8940,M
MTR,Los Garzones Airport,Montería,CO,SA,8.8237,-75.8258,M
MTT,Minatitlán/Coatzacoalcos International Airport,Cosoleacaque,MX,NA,18.1034,-94.5807,M
MTY,Monterrey International Airport,Monterrey,MX,NA,25.7785,-100.1070,L
MUA,Munda Airport,Munda,SB,OC,-8.3280,157.2630,M
MUB,Maun International Airport,Maun,BW,AF,-19.9705,23.4314,L
MUC,Munich Airport,Munich,DE,EU,48.3538,11.7861,L
MUE,Waimea Kohala Airport,Waimea (Kamuela),US,OC,20.0013,-155.6680,M
MUH,Mersa Matruh International Airport,Marsa Matruh,EG,AF,31.3243,27.2223,L
MUN,José Tadeo Monagas International Airport,Maturín,VE,SA,9.7490,-63.1533,M
MUR,Marudi Airport,Marudi,MY,AS,4.1787,114.3303,M
MUX,Multan International Airport,Multan,PK,AS,30.2032,71.4191,L
MVB,M'Vengue El Hadj Omar Bongo Ondimba International Airport,Franceville,GA,AF,-1.6562,13.4380,M
MVD,Carrasco General Cesáreo L. Berisso International Airport,Ciudad de la Costa,UY,SA,-34.8356,-56.0265,L
MVF,Dix-Sept Rosado Airport,Mossoró,BR,SA,-5.2019,-37.3643,M
MVP,Fabio Alberto Leon Bentley Airport,Mitú,CO,SA,1.2537,-70.2339,M
MVQ,Mogilev Airport,Mogilev,BY,EU,53.9549,30.0951,M
MVR,Salak Airport,Maroua,CM,AF,10.4514,14.2574,M
MVT,Mataiva Airport,,PF,OC,-14.8681,-148.7170,M
MWA,Veterans Airport of Southern Illinois,Marion,US,NA,37.7512,-89.0166,M
MWL,Mineral Wells Regional Airport,Mineral Wells,US,NA,32.7816,-98.0602,M
MWX,Muan International Airport,Muan (Piseo-ri),KR,AS,34.9914,126.3828,L
MWZ,Mwanza International Airport,Mwanza,TZ,AF,-2.4466,32.9360,L
MXL,General Rodolfo Sánchez Taboada International Airport,Mexicali,MX,NA,32.6306,-115.2428,M
MXP,Milan Malpensa International Airport,Ferno (VA),IT,EU,45.6306,8.7281,L
MXV,Mörön Airport,Mörön,MN,AS,49.6637,100.1000,M
MXX,Mora Airport,Mora,SE,EU,60.9579,14.5114,M
MYA,Moruya Airport,Moruya,AU,OC,-35.8978,150.1440,M
MYD,Malindi International Airport,Malindi,KE,AF,-3.2293,40.1017,M
MYE,Miyakejima Airport,Miyakejima,JP,AS,34.0736,139.5600,M
MYG,Mayaguana Airport,Abraham Bay Settlement,BS,NA,22.3795,-73.0135,M
MYJ,Matsuyama Airport,Matsuyama,JP,AS,33.8269,132.7001,L
MYL,McCall Municipal Airport,McCall,US,NA,44.8888,-116.1011,M
MYP,Mary International Airport,Mary,TM,AS,37.6235,61.8957,M
MYQ,Mysore Airport,Mysore,IN,AS,12.2298,76.6537,M
MYR,Myrtle Beach International Airport,Myrtle Beach,US,NA,33.6797,-78.9283,L
MYT,Myitkyina Airport,Myitkyina,MM,AS,25.3836,97.3519,M
MYU,Mekoryuk Airport,Mekoryuk,US,NA,60.3723,-166.2698,M
MYW,Mtwara Airport,Mtwara,TZ,AF,-10.3362,40.1820,M
MYY,Miri Airport,Miri,MY,AS,4.3220,113.9870,M
MZG,Penghu Magong Airport,Huxi,TW,AS,23.5687,119.6280,L
MZH,Amasya Merzifon Airport,Amasya,TR,AS,40.8294,35.5220,M
MZI,Mopti Airport,Sévaré,ML,AF,14.5128,-4.0796,M
MZL,La Nubia Airport,Manizales,CO,SA,5.0296,-75.4647,M
MZO,Sierra Maestra International Airport,Manzanillo,CU,NA,20.2886,-77.0875,M
MZQ,Mkuze Airport,Mkuze,ZA,AF,-27.6261,32.0443,M
MZR,Mazar-i-Sharif International Airport,Mazar-i-Sharif,AF,AS,36.7041,67.2105,L
MZS,Moradabad Airport,Moradabad,IN,AS,28.8175,78.9219,M
MZT,General Rafael Buelna International Airport,Mazatlàn,MX,NA,23.1628,-106.2645,L
MZV,Mulu Airport,Mulu,MY,AS,4.0483,114.8050,M
MZW,Mecheria Airport,Mecheria,DZ,AF,33.5359,-0.2424,M
NAA,Narrabri Airport,Narrabri,AU,OC,-30.3192,149.8270,M
NAG,Dr. Babasaheb Ambedkar International Airport,Nagpur,IN,AS,21.0922,79.0472,L
NAH,Naha Airport,"Tabukan Utara, Sangihe Islands",ID,AS,3.6848,125.5272,M
NAJ,Nakhchivan International Airport,Nakhchivan,AZ,AS,39.1888,45.4584,L
NAL,Nalchik Airport,Nalchik,RU,EU,43.5129,43.6366,M
NAM,Namniwel Airport,Namniwel,ID,AS,-3.1432,126.9765,M
NAN,Nadi International Airport,Nadi,FJ,OC,-17.7618,177.4378,L
NAP,Naples International Airport,Napoli,IT,EU,40.8860,14.2908,L
NAQ,Qaanaaq Airport,Qaanaaq,GL,NA,77.4886,-69.3887,M
NAS,Lynden Pindling International Airport,Nassau,BS,NA,25.0390,-77.4662,L
NAT,Rio Grande do Norte/São Gonçalo do Amarante–Governador Aluízio Alves International Airport,Natal,BR,SA,-5.7698,-35.3666,L
NAV,Nevşehir Kapadokya Airport,Nevşehir,TR,AS,38.7719,34.5345,L
NAW,Narathiwat Airport,,TH,AS,6.5199,101.7430,M
NBC,Begishevo Airport,Nizhnekamsk,RU,AS,55.5647,52.0925,M
NBE,Enfidha - Hammamet International Airport,Enfidha,TN,AF,36.0758,10.4386,M
NBJ,Dr. Antonio Agostinho Neto International Airport,Luanda (Ícolo e Bengo),AO,AF,-9.0507,13.4991,L
NBO,Jomo Kenyatta International Airport,Nairobi,KE,AF,-1.3189,36.9282,L
NBS,Changbaishan Airport,Baishan,CN,AS,42.0669,127.6022,M
NCA,North Caicos Airport,North Caicos,TC,NA,21.9161,-71.9430,M
NCE,Nice-Côte d'Azur Airport,"Nice, Alpes-Maritimes",FR,EU,43.6584,7.2159,L
NCL,Newcastle International Airport,"Newcastle upon Tyne, Tyne and Wear",GB,EU,55.0380,-1.6896,L
NCU,Nukus International Airport,Nukus,UZ,AS,42.4884,59.6233,L
NCY,Annecy Meythet airport,Annecy,FR,EU,45.9289,6.0987,M
NDB,Nouadhibou International Airport,Nouadhibou,MR,AF,20.9324,-17.0302,L
NDC,Nanded Airport,Nanded,IN,AS,19.1833,77.3167,M
NDG,Qiqihar Sanjiazi Airport,Qiqihar,CN,AS,47.2300,123.9142,L
NDJ,N'Djamena International Airport,N'Djamena,TD,AF,12.1337,15.0340,L
NDR,Nador Al Aaroui International Airport,Al Aaroui,MA,AF,34.9888,-3.0282,L
NDU,Rundu Airport,Rundu,NA,AF,-17.9565,19.7194,M
NEC,Necochea Airport,Necochea,AR,SA,-38.4907,-58.8163,M
NER,Chulman Airport,Neryungri,RU,AS,56.9139,124.9140,M
NEV,Vance W. Amory International Airport,Charlestown,KN,NA,17.2057,-62.5899,M
NGB,Ningbo Lishe International Airport,Ningbo,CN,AS,29.8267,121.4620,L
NGE,N'Gaoundéré Airport,N'Gaoundéré,CM,AF,7.3570,13.5592,M
NGO,Chubu Centrair International Airport,Tokoname,JP,AS,34.8584,136.8050,L
NGQ,Ngari Gunsa Airport,Shiquanhe,CN,AS,32.0979,80.0540,M
NGS,Nagasaki Airport,Nagasaki,JP,AS,32.9169,129.9140,L
NHV,Nuku Hiva Airport,Nuku Hiva,PF,OC,-8.7956,-140.2290,M
NIM,Diori Hamani International Airport,Niamey,NE,AF,13.4815,2.1836,L
NJC,Nizhnevartovsk Airport,Nizhnevartovsk,RU,AS,60.9493,76.4836,L
NJF,Al Najaf International Airport,Najaf,IQ,AS,31.9911,44.4050,L
NKC,Nouakchott–Oumtounsy International Airport,Nouakchott,MR,AF,18.3100,-15.9697,L
NKG,Nanjing Lukou International Airport,Nanjing,CN,AS,31.7350,118.8659,L
NKM,Nagoya Airport / JASDF Komaki Air Base,Nagoya,JP,AS,35.2558,136.9241,M
NKT,Şırnak Şerafettin Elçi Airport,Şırnak,TR,AS,37.3647,42.0582,M
NLA,Simon Mwansa Kapwepwe International Airport,Ndola,ZM,AF,-12.9651,28.5156,L
NLD,Quetzalcóatl International Airport,Nuevo Laredo,MX,NA,27.4439,-99.5705,M
NLH,Ninglang Luguhu Airport,Ninglang,CN,AS,27.5403,100.7593,M
NLI,Nikolayevsk-na-Amure Airport,Nikolayevsk-na-Amure Airport,RU,AS,53.1550,140.6500,M
NLK,Norfolk Island International Airport,Burnt Pine,NF,OC,-29.0418,167.9395,M
NLT,Xinyuan Nalati Airport,Xinyuan,CN,AS,43.4318,83.3786,M
NLU,Felipe Ángeles International Airport,Mexico City,MX,NA,19.7438,-99.0151,L
NMA,Namangan International Airport,Namangan,UZ,AS,40.9846,71.5578,L
NMF,Maafaru International Airport,Noonu Atoll,MV,AS,5.8174,73.4684,M
NMI,Navi Mumbai International Airport,Navi Mumbai,IN,AS,18.9846,73.0653,L
NNG,Nanning Wuxu International Airport,Nanning (Jiangnan),CN,AS,22.5981,108.1819,L
NNM,Naryan Mar Airport,Naryan Mar,RU,EU,67.6400,53.1219,M
NNT,Nan Airport,,TH,AS,18.8079,100.7830,M
NOB,Nosara Airport,Nicoya,CR,NA,9.9765,-85.6530,M
NOC,Ireland West Airport Knock,Charlestown,IE,EU,53.9104,-8.8170,L
NOJ,Noyabrsk Airport,Noyabrsk,RU,AS,63.1833,75.2700,M
NOP,Sinop Airport,Sinop,TR,AS,42.0183,35.0718,M
NOS,Nosy Be International Airport,Nosy Be,MG,AF,-13.3121,48.3148,L
NOU,La Tontouta International Airport,Nouméa (La Tontouta),NC,OC,-22.0146,166.2130,L
NOV,Albano Machado Airport,Huambo,AO,AF,-12.8089,15.7605,M
NOZ,Spichenkovo Airport,Novokuznetsk,RU,AS,53.8114,86.8772,M
NPE,Hawke's Bay Airport,Napier,NZ,OC,-39.4658,176.8700,M
NPL,New Plymouth Airport,New Plymouth,NZ,OC,-39.0086,174.1790,M
NPO,Nanga Pinoh Airport,Nanga Pinoh-Borneo Island,ID,AS,-0.3486,111.7462,M
NPT,Newport State Airport,Newport,US,NA,41.5322,-71.2810,M
NQN,Presidente Perón International Airport,Neuquén,AR,SA,-38.9490,-68.1557,L
NQY,Cornwall Airport Newquay,Newquay,GB,EU,50.4406,-4.9954,M
NQZ,Nursultan Nazarbayev International Airport,Astana,KZ,AS,51.0270,71.4671,L
NRA,Narrandera Airport,Narrandera,AU,OC,-34.7022,146.5120,M
NRK,Norrköping Airport,Norrköping,SE,EU,58.5863,16.2506,M
NRN,Weeze (Niederrhein) Airport,Weeze,DE,EU,51.6014,6.1412,L
NRR,José Aponte de la Torre Airport,Ceiba,PR,NA,18.2473,-65.6398,M
NRT,Narita International Airport,Narita,JP,AS,35.7686,140.3887,L
NSH,Nowshahr Airport,Nowshahr,IR,AS,36.6643,51.4627,M
NSI,Yaoundé Nsimalen International Airport,Yaoundé,CM,AF,3.7226,11.5533,L
NSK,Alykel International Airport,Norilsk,RU,AS,69.3080,87.3259,L
NSN,Nelson Airport,Nelson,NZ,OC,-41.2967,173.2243,M
NST,Nakhon Si Thammarat Airport,Nakhon Si Thammarat,TH,AS,8.5396,99.9447,M
NTE,Nantes Atlantique Airport,Nantes,FR,EU,47.1532,-1.6107,L
NTG,Nantong Xingdong International Airport,Nantong (Tongzhou),CN,AS,32.0736,120.9801,M
NTL,Newcastle Airport,Williamtown,AU,OC,-32.7961,151.8350,L
NTN,Normanton Airport,Normanton,AU,OC,-17.6841,141.0697,M
NTQ,Noto Satoyama Airport,Wajima,JP,AS,37.2931,136.9620,M
NTX,Ranai Airport,Ranai-Natuna Besar Island,ID,AS,3.9087,108.3880,M
NUE,Nuremberg Airport,Nuremberg,DE,EU,49.4987,11.0781,L
NUI,Nuiqsut Airport,Nuiqsut,US,NA,70.2100,-151.0060,M
NUM,Neom Bay Airport,Sharma,SA,AS,27.9243,35.2936,L
NUX,Novy Urengoy Airport,Novy Urengoy,RU,AS,66.0694,76.5203,M
NVA,Benito Salas Airport,Neiva,CO,SA,2.9501,-75.2940,M
NVI,Navoi International Airport,Navoi,UZ,AS,40.1176,65.1727,M
NVT,Ministro Victor Konder International Airport,Navegantes,BR,SA,-26.8794,-48.6510,L
NWI,Norwich Airport,"Norwich, Norfolk",GB,EU,52.6758,1.2828,M
NYA,Nyagan Airport,Nyagan,RU,EU,62.1100,65.6150,M
NYI,Sunyani Airport,Sunyani,GH,AF,7.3618,-2.3288,M
NYK,Nanyuki Civil Airport,Gathiuru,KE,AF,-0.0624,37.0413,M
NYM,Nadym Airport,Nadym,RU,AS,65.4809,72.6989,M
NYO,Stockholm Skavsta Airport,Nyköping,SE,EU,58.7897,16.9115,L
NYT,Nay Pyi Taw International Airport,Naypyitaw,MM,AS,19.6235,96.2010,L
NZC,Maria Reiche Neuman Airport,Nazca,PE,SA,-14.8540,-74.9615,M
NZH,Manzhouli Xijiao Airport,Manzhouli,CN,AS,49.5667,117.3300,M
NZL,Zhalantun Genghis Khan Airport,Zhalantun,CN,AS,47.8659,122.7687,M
OAJ,Albert J Ellis Airport,Richlands,US,NA,34.8292,-77.6121,M
OAK,Oakland San Francisco Bay Airport,Oakland,US,NA,37.7201,-122.2212,L
OAX,Xoxocotlán International Airport,Oaxaca,MX,NA,16.9988,-96.7261,L
OBO,Tokachi-Obihiro Airport,Obihiro,JP,AS,42.7333,143.2170,M
OCC,Francisco De Orellana Airport,Coca,EC,SA,-0.4629,-76.9868,M
OCE,Ocean City Municipal Airport,Ocean City,US,NA,38.3104,-75.1240,M
OCJ,Ian Fleming International Airport,Boscobel,JM,NA,18.4041,-76.9698,M
OCS,Corisco International Airport,Corisco Island,GQ,AF,0.9109,9.3303,L
ODB,Córdoba Airport,Córdoba,ES,EU,37.8420,-4.8489,M
ODE,Odense Hans Christian Andersen Airport,Odense,DK,EU,55.4753,10.3272,L
OEC,Oecusse Route of the Sandalwood International Airport,Oecussi-Ambeno,TL,AS,-9.1984,124.3379,L
OER,Örnsköldsvik Airport,Örnsköldsvik,SE,EU,63.4083,18.9900,M
OGD,Ogden Hinckley Airport,Ogden,US,NA,41.1959,-112.0120,M
OGG,Kahului International Airport,Kahului,US,OC,20.8963,-156.4318,L
OGL,Eugene F. Correia International Airport,Ogle,GY,SA,6.8059,-58.1077,M
OGN,Yonaguni Airport,Yonaguni,JP,AS,24.4673,122.9798,M
OGS,Ogdensburg International Airport,Ogdensburg,US,NA,44.6819,-75.4655,M
OGU,Ordu–Giresun Airport,Ordu,TR,AS,40.9669,38.0860,M
OGX,Ain Beida Airport,Ouargla,DZ,AF,31.9172,5.4128,M
OGZ,Vladikavkaz Beslan International Airport,Beslan,RU,EU,43.2051,44.6066,M
OHD,Ohrid St. Paul the Apostle Airport,Ohrid,MK,EU,41.1800,20.7423,L
OHE,Mohe Gulian Airport,Mohe,CN,AS,52.9169,122.4228,M
OHO,Okhotsk Airport,Okhotsk,RU,AS,59.4101,143.0565,M
OHS,Suhar International Airport,Suhar,OM,AS,24.3860,56.6254,L
OIM,Oshima Airport,Izu Oshima,JP,AS,34.7820,139.3600,M
OIR,Okushiri Airport,Okushiri Island,JP,AS,42.0717,139.4330,M
OIT,Oita Airport,Oita,JP,AS,33.4794,131.7370,M
OKA,Naha International Airport,Naha,JP,AS,26.1924,127.6398,L
OKC,OKC Will Rogers World Airport,Oklahoma City,US,NA,35.3934,-97.5982,L
OKD,Sapporo Okadama Airport,Sapporo,JP,AS,43.1174,141.3813,M
OKE,Okinoerabu Airport,Wadomari,JP,AS,27.4316,128.7056,M
OKI,Oki Global Geopark Airport,Okinoshima,JP,AS,36.1784,133.3236,M
OKJ,Okayama Momotaro Airport,Okayama,JP,AS,34.7569,133.8550,L
OKL,Oksibil Airport,Oksibil,ID,AS,-4.9071,140.6277,M
OKY,Oakey Army Aviation Centre,,AU,OC,-27.4093,151.7367,M
OLA,Ørland Airport,Ørland,NO,EU,63.6989,9.6040,M
OLB,Olbia Costa Smeralda Airport,Olbia (SS),IT,EU,40.8990,9.5185,L
OLF,L M Clayton Airport,Wolf Point,US,NA,48.0945,-105.5750,M
OLM,Olympia Regional Airport,Olympia,US,NA,46.9694,-122.9030,M
OLZ,Olyokminsk Airport,Olyokminsk,RU,AS,60.4018,120.4761,M
OMA,Eppley Airfield,Omaha,US,NA,41.3032,-95.8941,L
OMD,Oranjemund Airport,Oranjemund,NA,AF,-28.5853,16.4464,M
OME,Nome Airport,Nome,US,NA,64.5122,-165.4450,M
OMH,Urmia Airport,Urmia,IR,AS,37.6681,45.0687,M
OMN,Zomin Airport,Zomin,UZ,AS,40.0140,68.4110,M
OMO,Mostar International Airport,Mostar,BA,EU,43.2825,17.8461,L
OMR,Oradea International Airport,Oradea,RO,EU,47.0253,21.9025,L
OMS,Omsk Central Airport,Omsk,RU,AS,54.9631,73.3124,L
OND,Ondangwa Airport,Ondangwa,NA,AF,-17.8782,15.9526,M
ONJ,Odate Noshiro Airport,Kitaakita,JP,AS,40.1919,140.3710,M
ONQ,Zonguldak Çaycuma Airport,Zonguldak,TR,AS,41.5064,32.0886,M
ONT,Ontario International Airport,Ontario,US,NA,34.0560,-117.6010,L
ONX,Enrique Adolfo Jimenez Airport,Colón,PA,NA,9.3566,-79.8674,M
OOL,Gold Coast Airport,Gold Coast,AU,OC,-28.1660,153.5066,L
OOM,Cooma Snowy Mountains Airport,Cooma,AU,OC,-36.3004,148.9724,M
OPF,Miami-Opa Locka Executive Airport,Miami,US,NA,25.9070,-80.2784,M
OPO,Francisco de Sá Carneiro Airport,Porto,PT,EU,41.2481,-8.6814,L
OPU,Balimo Airport,Balimo,PG,OC,-8.0500,142.9330,M
ORB,Örebro Airport,Örebro,SE,EU,59.2237,15.0380,M
ORD,Chicago O'Hare International Airport,Chicago,US,NA,41.9786,-87.9048,L
ORF,Norfolk International Airport,Norfolk,US,NA,36.8953,-76.2010,L
ORH,Worcester Regional Airport,Worcester,US,NA,42.2673,-71.8757,M
ORK,Cork International Airport,Cork,IE,EU,51.8413,-8.4911,L
ORN,Oran Es-Sénia (Ahmed Ben Bella) International Airport,Es-Sénia,DZ,AF,35.6206,-0.6225,L
ORT,Northway Airport,Northway,US,NA,62.9613,-141.9290,M
ORU,Juan Mendoza International Airport,Oruro,BO,SA,-17.9562,-67.0758,L
ORY,Paris-Orly Airport,"Paris (Orly, Val-de-Marne)",FR,EU,48.7295,2.3590,L
OSD,Åre Östersund Airport,Östersund,SE,EU,63.1935,14.5042,M
OSI,Osijek Airport,Osijek(Klisa),HR,EU,45.4624,18.8113,M
OSL,Oslo-Gardermoen International Airport,Oslo (Gardermoen),NO,EU,60.1939,11.1004,L
OSR,Leoš Janáček Airport Ostrava,Mošnov,CZ,EU,49.6963,18.1111,L
OSS,Osh International Airport,Osh,KG,AS,40.6090,72.7933,L
OST,Ostend-Bruges International Airport,Oostende,BE,EU,51.1998,2.8747,L
OSW,Orsk Airport,Orsk,RU,AS,51.0725,58.5956,M
OTH,Southwest Oregon Regional Airport,North Bend,US,NA,43.4171,-124.2460,M
OTP,Bucharest Henri Coandă International Airport,Otopeni,RO,EU,44.5718,26.1033,L
OTZ,Ralph Wien Memorial Airport,Kotzebue,US,NA,66.8847,-162.5990,M
OUA,Ouagadougou Thomas Sankara International Airport,Ouagadougou,BF,AF,12.3532,-1.5124,L
OUD,Oujda Angads Airport,Ahl Angad,MA,AF,34.7896,-1.9260,L
OUL,Oulu Airport,Oulu / Oulunsalo,FI,EU,64.9301,25.3546,L
OUZ,Tazadit Airport,Zouérate,MR,AF,22.7573,-12.4822,M
OVB,Novosibirsk Tolmachevo Airport,Novosibirsk,RU,EU,55.0198,82.6187,L
OVD,Asturias Airport,Ranón,ES,EU,43.5636,-6.0346,L
OVS,Sovetskiy Airport,Sovetskiy,RU,AS,61.3266,63.6019,M
OWB,Owensboro Daviess County Airport,Owensboro,US,NA,37.7401,-87.1668,M
OXB,Osvaldo Vieira International Airport,Bissau,GW,AF,11.8943,-15.6536,L
OYE,Oyem Airport,Oyem,GA,AF,1.5431,11.5814,M
OZC,Labo Airport,Ozamiz,PH,AS,8.1785,123.8420,M
OZG,Zagora Airport,Zagora,MA,AF,30.2658,-5.8608,L
OZZ,Ouarzazate International Airport,Ouarzazate,MA,AF,30.9391,-6.9094,L
PAB,Bilaspur Airport,Bilaspur,IN,AS,21.9884,82.1110,M
PAC,Marcos A. Gelabert International Airport,Albrook,PA,NA,8.9733,-79.5556,M
PAD,Paderborn Lippstadt Airport,Büren,DE,EU,51.6125,8.6175,L
PAE,Seattle Paine Field International Airport,Everett,US,NA,47.9063,-122.2820,M
PAG,Pagadian Airport,Pagadian,PH,AS,7.8256,123.4596,M
PAH,Barkley Regional Airport,Paducah,US,NA,37.0608,-88.7738,M
PAP,Toussaint Louverture International Airport,Port-au-Prince,HT,NA,18.5800,-72.2926,L
PAT,Jay Prakash Narayan Airport,Patna,IN,AS,25.5913,85.0880,M
PAV,Paulo Afonso Airport,Paulo Afonso,BR,SA,-9.4009,-38.2506,M
PAZ,El Tajín National Airport,Poza Rica,MX,NA,20.6027,-97.4608,M
PBC,Hermanos Serdán International Airport,Puebla,MX,NA,19.1585,-98.3716,L
PBD,Porbandar Airport,Porbandar,IN,AS,21.6495,69.6564,M
PBG,Plattsburgh International Airport,Plattsburgh,US,NA,44.6509,-73.4681,M
PBH,Paro International Airport,Paro,BT,AS,27.4032,89.4246,L
PBM,Johan Adolf Pengel International Airport,Paramaribo,SR,SA,5.4528,-55.1878,L
PBO,Paraburdoo Airport,Paraburdoo,AU,OC,-23.1711,117.7450,M
PBR,Puerto Barrios Airport,Puerto Barrios,GT,NA,15.7309,-88.5838,M
PBU,Putao Airport,Putao,MM,AS,27.3299,97.4263,M
PCL,Cap FAP David Abenzur Rengifo International Airport,Pucallpa,PE,SA,-8.3781,-74.5745,L
PCP,Principe Airport,São Tomé & Príncipe,ST,AF,1.6612,7.4111,M
PCR,German Olano Airport,Puerto Carreño,CO,SA,6.1847,-67.4932,M
PDA,Obando Cesar Gaviria Trujillo Airport,Puerto Inírida,CO,SA,3.8535,-67.9062,M
PDG,Minangkabau International Airport,Padang (Katapiang),ID,AS,-0.7860,100.2804,L
PDK,DeKalb Peachtree Airport,Atlanta,US,NA,33.8763,-84.3021,M
PDL,João Paulo II Airport,Ponta Delgada,PT,EU,37.7412,-25.6979,L
PDO,Pendopo Airport,Talang Gudang-Sumatra Island,ID,AS,-3.2861,103.8800,M
PDP,Capitan Corbeta CA Curbelo International Airport,Punta del Este,UY,SA,-34.8551,-55.0943,M
PDS,Piedras Negras International Airport,Piedras Negras,MX,NA,28.6279,-100.5352,M
PDT,Eastern Oregon Regional Airport at Pendleton,Pendleton,US,NA,45.6951,-118.8410,M
PDV,Plovdiv International Airport,Plovdiv,BG,EU,42.0678,24.8508,L
PDX,Portland International Airport,Portland,US,NA,45.5887,-122.5980,L
PED,Pardubice Airport,Pardubice,CZ,EU,50.0150,15.7398,L
PEE,Perm International Airport,Perm,RU,AS,57.9145,56.0212,L
PEG,Perugia San Francesco d'Assisi – Umbria International Airport,Perugia (PG),IT,EU,43.0959,12.5132,L
PEI,Matecaña International Airport,Pereira,CO,SA,4.8127,-75.7395,M
PEK,Beijing Capital International Airport,Beijing,CN,AS,40.0773,116.5967,L
PEM,Padre Aldamiz International Airport,Puerto Maldonado,PE,SA,-12.6136,-69.2286,M
PEN,Penang International Airport,Penang,MY,AS,5.2963,100.2762,L
PER,Perth International Airport,Perth,AU,OC,-31.9403,115.9670,L
PES,Petrozavodsk Airport,Petrozavodsk,RU,EU,61.8852,34.1547,M
PET,João Simões Lopes Neto International Airport,Pelotas,BR,SA,-31.7172,-52.3278,M
PEV,Pécs-Pogány International Airport,Pécs,HU,EU,45.9889,18.2420,L
PEW,Bacha Khan International Airport,Peshawar,PK,AS,33.9939,71.5146,L
PEX,Pechora Airport,Pechora,RU,EU,65.1211,57.1308,M
PEZ,Penza Airport,Penza,RU,AS,53.1106,45.0211,M
PFB,Lauro Kurtz Airport,Passo Fundo,BR,SA,-28.2440,-52.3278,M
PFO,Paphos International Airport,Paphos,CY,AS,34.7180,32.4857,L
PGA,Page Municipal Airport,Page,US,NA,36.9242,-111.4477,M
PGD,Punta Gorda Airport,Punta Gorda,US,NA,26.9202,-81.9905,M
PGF,Perpignan-Rivesaltes (Llabanère) Airport,Perpignan/Rivesaltes,FR,EU,42.7404,2.8707,M
PGH,Pantnagar Airport,Pantnagar,IN,AS,29.0334,79.4737,M
PGK,Depati Amir Airport,Pangkal Pinang,ID,AS,-2.1622,106.1390,M
PGU,Persian Gulf International Airport,Khiyaroo,IR,AS,27.3796,52.7377,M
PGV,Pitt-Greenville Airport,Greenville,US,NA,35.6355,-77.3843,M
PGZ,Ponta Grossa Airport - Comandante Antonio Amilton Beraldo,Ponta Grossa,BR,SA,-25.1845,-50.1438,M
PHB,Parnaíba - Prefeito Doutor João Silva Filho International Airport,Parnaíba,BR,SA,-2.8937,-41.7320,M
PHC,Port Harcourt International Airport,Port Harcourt,NG,AF,5.0155,6.9496,L
PHE,Port Hedland International Airport,Port Hedland,AU,OC,-20.3828,118.6298,L
PHF,Newport News Williamsburg International Airport,Newport News,US,NA,37.1319,-76.4930,M
PHG,Port Harcourt City Airport / Port Harcourt Air Force Base,Port Harcourt,NG,AF,4.8461,7.0214,M
PHH,Pokhara International Airport,Pokhara,NP,AS,28.1838,84.0147,L
PHL,Philadelphia International Airport,Philadelphia,US,NA,39.8719,-75.2411,L
PHS,Phitsanulok Airport,Phitsanulok,TH,AS,16.7829,100.2790,M
PHW,Hendrik Van Eck Airport,Phalaborwa,ZA,AF,-23.9372,31.1554,M
PHX,Phoenix Sky Harbor International Airport,Phoenix,US,NA,33.4353,-112.0059,L
PHY,Phetchabun Airport,,TH,AS,16.6760,101.1950,M
PIA,General Wayne A. Downing Peoria International Airport,Peoria,US,NA,40.6638,-89.6926,M
PIB,Hattiesburg Laurel Regional Airport,Moselle,US,NA,31.4671,-89.3371,M
PIE,St. Petersburg Clearwater International Airport,Pinellas Park,US,NA,27.9102,-82.6874,L
PIH,Pocatello Regional Airport,Pocatello,US,NA,42.9098,-112.5960,M
PIK,Glasgow Prestwick Airport,"Prestwick, South Ayrshire",GB,EU,55.5015,-4.5772,L
PIR,Pierre Regional Airport,Pierre,US,NA,44.3827,-100.2860,M
PIS,Poitiers-Biard Airport,Poitiers/Biard,FR,EU,46.5877,0.3067,M
PIT,Pittsburgh International Airport,Pittsburgh,US,NA,40.4915,-80.2329,L
PIU,PAF Captain Guillermo Concha Iberico International Airport,Piura,PE,SA,-5.2058,-80.6164,M
PIX,Pico Airport,Pico Island,PT,EU,38.5543,-28.4413,M
PIZ,Point Lay LRRS Airport,Point Lay,US,NA,69.7329,-163.0050,M
PJM,Puerto Jimenez Airport,Puerto Jimenez,CR,NA,8.5333,-83.3000,M
PKB,Mid Ohio Valley Regional Airport,Parkersburg (Williamstown),US,NA,39.3451,-81.4392,M
PKC,Yelizovo Airport,Petropavlovsk-Kamchatsky,RU,AS,53.1687,158.4511,L
PKE,Parkes Airport,Parkes,AU,OC,-33.1314,148.2390,M
PKR,Pokhara Domestic Airport,Pokhara,NP,AS,28.2006,83.9812,M
PKU,Sultan Syarif Kasim II International Airport / Roesmin Nurjadin AFB,Pekanbaru,ID,AS,0.4586,101.4443,M
PKV,Princess Olga Pskov International Airport,Pskov,RU,EU,57.7813,28.3938,M
PKX,Beijing Daxing International Airport,Beijing,CN,AS,39.5013,116.4140,L
PKY,Tjilik Riwut Airport,Palangkaraya,ID,AS,-2.2271,113.9434,M
PKZ,Pakse International Airport,Pakse,LA,AS,15.1340,105.7799,L
PLJ,Placencia Airport,Placencia,BZ,NA,16.5370,-88.3615,M
PLM,Sultan Mahmud Badaruddin II Airport,Palembang,ID,AS,-2.8977,104.6981,M
PLN,Pellston Regional Airport of Emmet County Airport,Pellston,US,NA,45.5709,-84.7967,M
PLO,Port Lincoln Airport,Port Lincoln,AU,OC,-34.6053,135.8800,M
PLQ,Palanga International Airport,Palanga,LT,EU,55.9732,21.0939,L
PLS,Providenciales International Airport,Providenciales,TC,NA,21.7737,-72.2683,L
PLW,Mutiara - SIS Al-Jufrie Airport,Palu,ID,AS,-0.9165,119.9086,M
PLX,Semei International Airport,Semey,KZ,AS,50.3513,80.2344,L
PLZ,Chief Dawid Stuurman International Airport,Gqeberha (Port Elizabeth),ZA,AF,-33.9897,25.6174,L
PMC,El Tepual International Airport,Puerto Montt,CL,SA,-41.4431,-73.0941,L
PMF,Parma Airport,Parma (PR),IT,EU,44.8264,10.2971,M
PMG,Ponta Porã Airport,Ponta Porã,BR,SA,-22.5496,-55.7026,M
PMI,Palma de Mallorca Airport,Palma de Mallorca,ES,EU,39.5517,2.7388,L
PMO,Falcone–Borsellino Airport,Palermo,IT,EU,38.1760,13.0910,L
PMQ,Perito Moreno Jalil Hamer Airport,Perito Moreno,AR,SA,-46.5379,-70.9787,M
PMR,Palmerston North Airport,Palmerston North,NZ,OC,-40.3206,175.6170,M
PMV,Del Caribe Santiago Mariño International Airport,Isla Margarita,VE,NA,10.9126,-63.9666,L
PMW,Brigadeiro Lysias Rodrigues Airport,Palmas,BR,SA,-10.2915,-48.3570,M
PMY,El Tehuelche Airport,Puerto Madryn,AR,SA,-42.7592,-65.1027,M
PNA,Pamplona Airport,Pamplona,ES,EU,42.7700,-1.6463,M
PNI,Pohnpei International Airport,Pohnpei Island,FM,OC,6.9851,158.2099,M
PNK,Supadio International Airport,Pontianak,ID,AS,-0.1523,109.4045,L
PNL,Pantelleria Airport,Pantelleria (TP),IT,EU,36.8165,11.9689,M
PNP,Girua Airport,Popondetta,PG,OC,-8.8045,148.3090,M
PNQ,Pune International Airport,Pune,IN,AS,18.5821,73.9197,L
PNR,Antonio Agostinho-Neto International Airport,Pointe Noire,CG,AF,-4.8160,11.8866,L
PNS,Pensacola International Airport,Pensacola,US,NA,30.4727,-87.1866,L
PNT,Lieutenant Julio Gallardo Airport,Puerto Natales,CL,SA,-51.6707,-72.5291,M
PNY,Pondicherry Airport,Puducherry (Pondicherry),IN,AS,11.9680,79.8120,M
PNZ,Senador Nilo Coelho Airport,Petrolina,BR,SA,-9.3624,-40.5691,M
POA,Porto Alegre-Salgado Filho International Airport,Porto Alegre,BR,SA,-29.9940,-51.1675,L
POG,Port Gentil International Airport,Port Gentil,GA,AF,-0.7117,8.7544,L
POL,Pemba Airport,Pemba,MZ,AF,-12.9933,40.5249,M
POM,Port Moresby Jacksons International Airport,Port Moresby,PG,OC,-9.4434,147.2200,L
POP,Gregorio Luperon International Airport,Puerto Plata,DO,NA,19.7579,-70.5700,M
POR,Pori Airport,Pori,FI,EU,61.4617,21.8000,M
POS,Piarco International Airport,Port of Spain,TT,NA,10.5953,-61.3376,L
POZ,Poznań-Ławica Airport,Poznań,PL,EU,52.4216,16.8234,L
PPB,Presidente Prudente Airport,Presidente Prudente,BR,SA,-22.1751,-51.4246,M
PPG,Pago Pago International Airport,Pago Pago,AS,OC,-14.3310,-170.7100,L
PPK,Petropavl International Airport,Petropavl,KZ,AS,54.7756,69.1874,L
PPN,Guillermo León Valencia Airport,Popayán,CO,SA,2.4544,-76.6093,M
PPP,Proserpine Whitsunday Coast Airport,Proserpine,AU,OC,-20.4944,148.5536,M
PPS,Puerto Princesa International Airport / PAF Antonio Bautista Air Base,Puerto Princesa,PH,AS,9.7420,118.7591,L
PPT,Fa'a'ā International Airport,Papeete,PF,OC,-17.5535,-149.6069,L
PQC,Phú Quốc International Airport,Phu Quoc Island,VN,AS,10.1698,103.9935,L
PQI,Presque Isle International Airport,Presque Isle,US,NA,46.6890,-68.0448,M
PQQ,Port Macquarie Airport,Port Macquarie,AU,OC,-31.4358,152.8630,M
PRA,General Urquiza Airport,Parana,AR,SA,-31.7948,-60.4804,M
PRC,Prescott Regional Airport - Ernest A. Love Field,Prescott,US,NA,34.6535,-112.4199,M
PRG,Václav Havel Airport Prague,Prague,CZ,EU,50.1009,14.2599,L
PRI,Praslin Island Airport,Praslin Island,SC,AF,-4.3193,55.6916,M
PRM,Portimão Airport,Portimão,PT,EU,37.1493,-8.5840,M
PRN,Priština Adem Jashari International Airport,Prishtina,XK,EU,42.5728,21.0358,L
PSA,Pisa International Airport,Pisa (PI),IT,EU,43.6839,10.3927,L
PSC,Tri Cities Airport,Pasco,US,NA,46.2647,-119.1190,M
PSD,Port Said International Airport,Port Said,EG,AF,31.2793,32.2406,L
PSE,Mercedita International Airport,Ponce,PR,NA,18.0083,-66.5630,M
PSG,Petersburg James A Johnson Airport,Petersburg,US,NA,56.8017,-132.9450,M
PSM,Portsmouth International Airport at Pease,Portsmouth,US,NA,43.0779,-70.8233,M
PSO,Antonio Nariño Airport,Chachagüí,CO,SA,1.3967,-77.2909,M
PSP,Palm Springs International Airport,Palm Springs,US,NA,33.8297,-116.5070,L
PSR,Abruzzo Airport,Pescara,IT,EU,42.4311,14.1830,L
PSS,Libertador Gral D Jose De San Martin Airport,Posadas,AR,SA,-27.3858,-55.9707,M
PSU,Pangsuma Airport,Putussibau-Borneo Island,ID,AS,0.8346,112.9402,M
PSZ,Capitán Av. Salvador Ogaya G. airport,Puerto Suárez,BO,SA,-18.9753,-57.8206,M
PTG,Polokwane International Airport,Polokwane,ZA,AF,-23.8453,29.4586,L
PTH,Port Heiden Airport,Port Heiden,US,NA,56.9579,-158.6302,M
PTJ,Portland Airport,,AU,OC,-38.3181,141.4710,M
PTP,Maryse Condé International Airport,Pointe-à-Pitre,GP,NA,16.2654,-61.5328,L
PTU,Platinum Airport,Platinum,US,NA,59.0177,-161.8279,M
PTY,Tocumen International Airport,Tocumen,PA,NA,9.0714,-79.3835,L
PUB,Pueblo Memorial Airport,Pueblo,US,NA,38.2891,-104.4970,M
PUD,Puerto Deseado Airport,Puerto Deseado,AR,SA,-47.7353,-65.9041,M
PUF,Pau Pyrénées Airport,Pau/Pyrénées (Uzein),FR,EU,43.3800,-0.4186,M
PUG,Port Augusta Airport,,AU,OC,-32.5069,137.7170,M
PUJ,Punta Cana International Airport,Punta Cana,DO,NA,18.5671,-68.3646,L
PUQ,President Carlos Ibáñez International Airport,Punta Arenas,CL,SA,-53.0026,-70.8546,L
PUS,Gimhae International Airport,Busan,KR,AS,35.1795,128.9380,L
PUU,Tres De Mayo Airport,Puerto Asís,CO,SA,0.5052,-76.5008,M
PUW,Pullman-Moscow Regional Airport,Pullman,US,NA,46.7416,-117.1116,M
PUY,Pula Airport,Pula,HR,EU,44.8935,13.9222,L
PUZ,Puerto Cabezas Airport,Puerto Cabezas,NI,NA,14.0472,-83.3867,M
PVA,El Embrujo Airport,Providencia,CO,NA,13.3575,-81.3580,M
PVD,Rhode Island T. F. Green International Airport,Providence/Warwick,US,NA,41.7250,-71.4257,L
PVG,Shanghai Pudong International Airport,Shanghai (Pudong),CN,AS,31.1434,121.8050,L
PVH,Governador Jorge Teixeira de Oliveira International Airport,Porto Velho,BR,SA,-8.7085,-63.9023,L
PVK,Aktion National Airport,Preveza,GR,EU,38.9255,20.7653,M
PVR,Puerto Vallarta International Airport,Puerto Vallarta,MX,NA,20.6799,-105.2544,L
PVU,Provo Municipal Airport,Provo,US,NA,40.2189,-111.7224,M
PWE,Pevek Airport,Apapelgino,RU,AS,69.7833,170.5970,M
PWM,Portland International Jetport,Portland,US,NA,43.6462,-70.3093,L
PWQ,Pavlodar International Airport,Pavlodar,KZ,AS,52.1950,77.0731,L
PXM,Puerto Escondido International Airport,Puerto Escondido,MX,NA,15.8768,-97.0891,M
PXO,Porto Santo Airport,Vila Baleira,PT,EU,33.0734,-16.3500,M
PXR,Surin Airport,Surin,TH,AS,14.8683,103.4980,M
PXU,Pleiku Airport,Pleiku,VN,AS,14.0045,108.0170,M
PYJ,Polyarny Airport,Yakutia,RU,AS,66.4004,112.0300,M
PYK,Payam International Airport,Karaj,IR,AS,35.7761,50.8267,L
PZB,Pietermaritzburg Airport,Pietermaritzburg,ZA,AF,-29.6490,30.3987,M
PZH,Zhob Airport,Fort Sandeman,PK,AS,31.3584,69.4636,M
PZI,Panzhihua Bao'anying Airport,Panzhihua (Renhe),CN,AS,26.5400,101.7985,M
PZO,General Manuel Carlos Piar International Airport,Guyana City,VE,SA,8.2885,-62.7604,L
PZU,Port Sudan New International Airport,Port Sudan,SD,AF,19.4346,37.2341,L
QBC,Bella Coola Airport,Bella Coola,CA,NA,52.3875,-126.5960,M
QOW,Sam Mbakwe International Cargo Airport,Owerri,NG,AF,5.4271,7.2060,M
QRO,Querétaro Intercontinental Airport,Querétaro,MX,NA,20.6188,-100.1864,L
QRW,Warri Airport,Okpe,NG,AF,5.5982,5.8187,M
QSF,Ain Arnat Airport,Sétif,DZ,AF,36.1785,5.3299,M
QSR,Salerno Costa d'Amalfi Airport,Salerno,IT,EU,40.6204,14.9113,M
QSZ,Shache Airport,Shache,CN,AS,38.2454,77.0561,M
QUO,Akwa Ibom International Airport,Uyo,NG,AF,4.8725,8.0930,M
RAB,Tokua Airport,Kokopo,PG,OC,-4.3405,152.3800,M
RAE,Arar Domestic Airport,Arar,SA,AS,30.9066,41.1382,M
RAH,Rafha Domestic Airport,Rafha,SA,AS,29.6264,43.4906,M
RAI,Nelson Mandela International Airport,Praia,CV,AF,14.9411,-23.4847,L
RAK,Marrakesh Menara Airport,Marrakesh,MA,AF,31.6048,-8.0358,L
RAO,Leite Lopes Airport,Ribeirão Preto,BR,SA,-21.1343,-47.7741,M
RAP,Rapid City Regional Airport,Rapid City,US,NA,44.0453,-103.0570,M
RAR,Rarotonga International Airport,Avarua,CK,OC,-21.2027,-159.8060,L
RAS,Sardar-e-Jangal Airport,Rasht,IR,AS,37.3233,49.6178,M
RBA,Rabat-Salé Airport,Rabat,MA,AF,34.0515,-6.7515,L
RBR,Rio Branco-Plácido de Castro International Airport,Rio Branco,BR,SA,-9.8690,-67.8940,L
RBY,Ruby Airport,Ruby,US,NA,64.7272,-155.4700,M
RCB,Richards Bay Airport,Richards Bay,ZA,AF,-28.7410,32.0921,M
RCH,Almirante Padilla Airport,Riohacha,CO,SA,11.5262,-72.9260,M
RDD,Redding Municipal Airport,Redding,US,NA,40.5090,-122.2930,M
RDM,Roberts Field,Redmond,US,NA,44.2541,-121.1500,M
RDO,Warsaw Radom Airport,Radom,PL,EU,51.3894,21.2147,M
RDP,Kazi Nazrul Islam Airport,Durgapur,IN,AS,23.6225,87.2430,M
RDU,Raleigh-Durham International Airport,Raleigh/Durham,US,NA,35.8787,-78.7873,L
RDZ,Rodez–Aveyron Airport,Rodez/Marcillac,FR,EU,44.4079,2.4827,M
REC,Recife/Guararapes - Gilberto Freyre International Airport,Recife,BR,SA,-8.1275,-34.9230,L
REG,Reggio Calabria Airport,Reggio Calabria,IT,EU,38.0712,15.6516,M
REL,Almirante Marco Andres Zar Airport,Rawson,AR,SA,-43.2105,-65.2703,M
REN,Orenburg Central Airport,Orenburg,RU,AS,51.7927,55.4572,M
RER,Retalhuleu Airport,Retalhuleu,GT,NA,14.5214,-91.6970,M
RES,Resistencia International Airport,Resistencia,AR,SA,-27.4499,-59.0561,L
REU,Reus Airport,Reus,ES,EU,41.1475,1.1684,L
REW,"Rewa Airport, Chorhata, REWA",Rewa,IN,AS,24.5034,81.2203,M
REX,General Lucio Blanco International Airport,Reynosa,MX,NA,26.0089,-98.2285,M
RFD,Chicago Rockford International Airport,Chicago/Rockford,US,NA,42.1954,-89.0972,M
RFP,Raiatea Airport,Uturoa,PF,OC,-16.7229,-151.4660,M
RGA,Gobernador Ramón Trejo Noel International Airport,Rio Grande,AR,SA,-53.7777,-67.7494,M
RGI,Rangiroa Airport,,PF,OC,-14.9543,-147.6610,M
RGL,Piloto Civil Norberto Fernández International Airport,Rio Gallegos,AR,SA,-51.6088,-69.3089,L
RGN,Yangon International Airport,Yangon,MM,AS,16.9073,96.1332,L
RGO,Orang (Chongjin) Airport,Hoemun-ri,KP,AS,41.4285,129.6476,M
RHD,Termas de Río Hondo international Airport,Termas de Río Hondo,AR,SA,-27.4966,-64.9360,M
RHI,Rhinelander Oneida County Airport,Rhinelander,US,NA,45.6312,-89.4675,M
RHO,"Rhodes International Airport ""Diagoras""",Rhodes,GR,AS,36.4054,28.0862,L
RIA,Santa Maria Airport,Santa Maria,BR,SA,-29.7114,-53.6882,M
RIB,Capitán Av. Selin Zeitun Lopez Airport,Riberalta,BO,SA,-11.0094,-66.0755,M
RIC,Richmond International Airport,Richmond,US,NA,37.5052,-77.3197,L
RIS,Rishiri Airport,Rishiri,JP,AS,45.2420,141.1860,M
RIW,Central Wyoming Regional Airport,Riverton,US,NA,43.0642,-108.4600,M
RIX,Riga International Airport,Riga,LV,EU,56.9208,23.9707,L
RIY,Riyan International Airport,Mukalla(Riyan),YE,AS,14.6622,49.3753,L
RIZ,Rizhao Shanzihe Airport,Rizhao (Donggang),CN,AS,35.4050,119.3244,M
RJA,Rajahmundry Airport,Madhurapudi,IN,AS,17.1058,81.8132,M
RJH,Shah Makhdum Airport,Rajshahi,BD,AS,24.4372,88.6165,M
RJK,Rijeka Airport,Rijeka(Omišalj),HR,EU,45.2164,14.5709,L
RJL,Logroño-Agoncillo Airport,Logroño,ES,EU,42.4610,-2.3222,M
RJN,Rafsanjan Airport,Rafsanjan,IR,AS,30.2983,56.0490,M
RKD,Knox County Regional Airport,Rockland,US,NA,44.0601,-69.0992,M
RKE,Copenhagen Roskilde Airport,Roskilde,DK,EU,55.5856,12.1314,M
RKS,Southwest Wyoming Regional Airport,Rock Springs,US,NA,41.5942,-109.0650,M
RKT,Ras Al Khaimah International Airport,Ras Al Khaimah,AE,AS,25.6135,55.9388,L
RKV,Reykjavík Domestic Airport,Reykjavík,IS,EU,64.1287,-21.9376,M
RKZ,Xigaze Peace Airport / Shigatse Air Base,Xigazê (Samzhubzê),CN,AS,29.3509,89.2992,L
RLG,Rostock-Laage Airport,Laage,DE,EU,53.9182,12.2783,M
RLK,Bayannur Tianjitai Airport,Bayannur,CN,AS,40.9264,107.7409,M
RMA,Roma Airport,Roma,AU,OC,-26.5450,148.7750,M
RMF,Marsa Alam International Airport,Marsa Alam,EG,AF,25.5555,34.5924,L
RMI,Federico Fellini International Airport,Rimini (RN),IT,EU,44.0200,12.6122,L
RML,Colombo Ratmalana International Airport,Colombo,LK,AS,6.8216,79.8859,L
RMO,Chişinău International Airport,Chişinău,MD,EU,46.9277,28.9317,L
RMQ,Taichung International Airport / Ching Chuang Kang Air Base,Taichung (Qingshui),TW,AS,24.2647,120.6210,L
RMU,Region of Murcia International Airport,Corvera,ES,EU,37.8029,-1.1249,L
RMZ,Tobolsk Remezov Airport,Tobolsk,RU,AS,58.0597,68.3480,M
RNB,Ronneby Airport,Ronneby,SE,EU,56.2667,15.2650,M
RNJ,Yoron Airport,Yoron,JP,AS,27.0438,128.4016,M
RNN,Bornholm Airport,Rønne,DK,EU,55.0633,14.7596,M
RNO,Reno Tahoe International Airport,Reno,US,NA,39.4991,-119.7680,L
RNS,Rennes-Saint-Jacques Airport,"Saint-Jacques-de-la-Lande, Ille-et-Vilaine",FR,EU,48.0695,-1.7348,M
ROA,Roanoke–Blacksburg Regional Airport,Roanoke,US,NA,37.3255,-79.9754,M
ROB,Roberts International Airport,Monrovia,LR,AF,6.2338,-10.3623,L
ROC,Frederick Douglass Greater Rochester International Airport,Rochester,US,NA,43.1189,-77.6724,L
ROI,Roi Et Airport,Roi Et,TH,AS,16.1168,103.7740,M
ROK,Rockhampton Airport,Rockhampton,AU,OC,-23.3800,150.4754,M
ROO,Maestro Marinho Franco Airport,Rondonópolis,BR,SA,-16.5843,-54.7248,M
ROP,Rota International Airport,Rota Island,MP,OC,14.1733,145.2411,L
ROR,Roman Tmetuchl International Airport,Babelthuap Island,PW,OC,7.3670,134.5441,L
ROS,Rosario Islas Malvinas International Airport,Rosario,AR,SA,-32.9036,-60.7850,L
ROT,Rotorua Regional Airport,Rotorua,NZ,OC,-38.1092,176.3170,M
ROW,Roswell Air Center Airport,Roswell,US,NA,33.3016,-104.5310,M
RPR,Swami Vivekananda Airport,Raipur,IN,AS,21.1804,81.7388,M
RQA,Ruoqiang Loulan Airport,Ruoqiang Town,CN,AS,38.9747,88.0083,M
RRG,Sir Charles Gaetan Duval Airport,Port Mathurin,MU,AF,-19.7567,63.3593,M
RRS,Røros Airport,Røros,NO,EU,62.5784,11.3423,M
RSA,Santa Rosa Airport,Santa Rosa,AR,SA,-36.5883,-64.2757,M
RSD,Rock Sound International Airport,Rock Sound,BS,NA,24.8916,-76.1776,M
RSI,Red Sea International Airport,Hanak,SA,AS,25.6280,37.0889,L
RST,Rochester International Airport,Rochester,US,NA,43.9083,-92.5000,M
RSU,Yeosu Airport,Yeosu,KR,AS,34.8423,127.6170,M
RSW,Southwest Florida International Airport,Fort Myers,US,NA,26.5347,-81.7528,L
RTB,Juan Manuel Gálvez International Airport,Coxen Hole,HN,NA,16.3168,-86.5230,L
RTM,Rotterdam The Hague Airport,Rotterdam,NL,EU,51.9569,4.4372,L
RUA,Arua Airport,Arua,UG,AF,3.0492,30.9117,M
RUH,King Khalid International Airport,Riyadh,SA,AS,24.9576,46.6988,L
RUN,Roland Garros Airport,Sainte-Marie,RE,AF,-20.8901,55.5189,L
RUR,Rurutu Airport,,PF,OC,-22.4341,-151.3610,M
RUT,Rutland - Southern Vermont Regional Airport,Rutland,US,NA,43.5294,-72.9496,M
RVK,"Rørvik Airport, Ryum",Rørvik,NO,EU,64.8383,11.1461,M
RVN,Rovaniemi Airport,Rovaniemi,FI,EU,66.5633,25.8298,L
RVY,Pres. Gral. Óscar D. Gestido Binational Airport,Rivera/Santana do Livramento,UY,SA,-30.9746,-55.4762,M
RXS,Roxas Airport,Roxas City,PH,AS,11.5977,122.7520,M
RYK,Shaikh Zaid Airport,Rahim Yar Khan,PK,AS,28.3839,70.2796,M
RZE,Rzeszów-Jasionka Airport,Jasionka,PL,EU,50.1098,22.0242,L
RZR,Ramsar Airport,Ramsar,IR,AS,36.9070,50.6873,M
RZV,Rize–Artvin Airport,Rize,TR,AS,41.1798,40.8488,M
SAB,Juancho E. Yrausquin Airport,Zion's Hill,BQ,NA,17.6453,-63.2205,M
SAF,Santa Fe Municipal Airport,Santa Fe,US,NA,35.6171,-106.0890,M
SAG,Shirdi International Airport,Kakadi,IN,AS,19.6892,74.3737,L
SAH,Sanaa International Airport,Sanaa,YE,AS,15.4763,44.2197,L
SAI,Siem Reap-Angkor International Airport,Siem Reap,KH,AS,13.3697,104.2238,L
SAL,El Salvador International Airport Saint Óscar Arnulfo Romero y Galdámez,San Salvador (San Luis Talpa),SV,NA,13.4445,-89.0558,L
SAN,San Diego International Airport,San Diego,US,NA,32.7336,-117.1900,L
SAP,Ramón Villeda Morales International Airport,San Pedro Sula,HN,NA,15.4526,-87.9236,L
SAQ,San Andros Airport,Andros Island,BS,NA,25.0538,-78.0490,M
SAT,San Antonio International Airport,San Antonio,US,NA,29.5337,-98.4698,L
SAV,Savannah Hilton Head International Airport,Savannah,US,NA,32.1266,-81.2000,L
SAW,Istanbul Sabiha Gökçen International Airport,"Pendik, Istanbul",TR,AS,40.8986,29.3092,L
SBA,Santa Barbara Municipal Airport,Santa Barbara,US,NA,34.4262,-119.8400,M
SBD,San Bernardino International Airport,San Bernardino,US,NA,34.0967,-117.2366,L
SBH,St. Jean Airport,Gustavia,BL,NA,17.9044,-62.8433,M
SBN,South Bend International Airport,South Bend,US,NA,41.7083,-86.3169,M
SBP,San Luis County Regional Airport,San Luis Obispo,US,NA,35.2368,-120.6420,M
SBT,Sabetta International Airport,Sabetta,RU,AS,71.2192,72.0522,M
SBW,Sibu Airport,Sibu,MY,AS,2.2616,111.9850,M
SBY,Salisbury Ocean City Wicomico Regional Airport,Salisbury,US,NA,38.3405,-75.5103,M
SBZ,Sibiu International Airport,Sibiu,RO,EU,45.7858,24.0867,L
SCC,Deadhorse Airport,Deadhorse,US,NA,70.1947,-148.4650,M
SCE,State College Regional Airport,State College,US,NA,40.8494,-77.8485,M
SCK,Stockton Metropolitan Airport,Stockton,US,NA,37.8933,-121.2381,M
SCL,Comodoro Arturo Merino Benítez International Airport,Santiago,CL,SA,-33.3930,-70.7858,L
SCN,Saarbrücken Airport,Saarbrücken,DE,EU,49.2145,7.1097,M
SCO,Aktau International Airport,Aktau,KZ,AS,43.8601,51.0909,L
SCQ,Santiago-Rosalía de Castro Airport,Santiago de Compostela,ES,EU,42.8963,-8.4151,L
SCR,Scandinavian Mountains Airport,Malung-Sälen,SE,EU,61.1651,12.8335,L
SCT,Socotra Airport,Mori,YE,AS,12.6321,53.9062,M
SCU,Antonio Maceo International Airport,Santiago,CU,NA,19.9747,-75.8355,L
SCV,Suceava Ștefan cel Mare International Airport,Suceava,RO,EU,47.6875,26.3541,L
SCW,Syktyvkar Airport,Syktyvkar,RU,EU,61.6470,50.8451,M
SDD,Lubango Mukanka International Airport,Lubango,AO,AF,-14.9248,13.5767,M
SDE,Vicecomodoro Angel D. La Paz Aragonés Airport,Santiago del Estero,AR,SA,-27.7656,-64.3100,M
SDF,Louisville Muhammad Ali International Airport,Louisville,US,NA,38.1706,-85.7351,L
SDG,Sanandaj Airport,,IR,AS,35.2459,47.0092,M
SDJ,Sendai Airport,Natori,JP,AS,38.1397,140.9170,L
SDK,Sandakan Airport,Sandakan,MY,AS,5.9009,118.0590,M
SDL,Sundsvall-Härnösand Airport,Sundsvall/ Härnösand,SE,EU,62.5281,17.4439,M
SDP,Sand Point Airport,Sand Point,US,NA,55.3139,-160.5221,M
SDQ,Las Américas International Airport,Santo Domingo,DO,NA,18.4297,-69.6689,L
SDR,Seve Ballesteros-Santander Airport,Santander,ES,EU,43.4271,-3.8200,M
SDS,Sado Airport,Sado,JP,AS,38.0602,138.4140,M
SDU,Santos Dumont Airport,Rio de Janeiro,BR,SA,-22.9104,-43.1628,L
SDW,Sindhudurg Airport,Chipi,IN,AS,16.0026,73.5298,M
SDY,Sidney - Richland Regional Airport,Sidney,US,NA,47.7051,-104.1944,M
SEA,Seattle–Tacoma International Airport,Seattle,US,NA,47.4479,-122.3103,L
SEB,Sabha Airport,Sabha,LY,AF,26.9925,14.4662,M
SEK,Srednekolymsk Airport,Srednekolymsk,RU,AS,67.4805,153.7364,M
SEN,London Southend Airport,"Southend-on-Sea, Essex",GB,EU,51.5706,0.6936,M
SEZ,Seychelles International Airport,Victoria,SC,AF,-4.6743,55.5218,L
SFA,Sfax Thyna International Airport,Sfax,TN,AF,34.7180,10.6910,M
SFB,Orlando Sanford International Airport,Orlando,US,NA,28.7743,-81.2346,L
SFG,Grand Case-l'Espérance Airport,Grand Case,MF,NA,18.1001,-63.0474,M
SFJ,Kangerlussuaq International Airport,Kangerlussuaq,GL,NA,67.0104,-50.7153,M
SFN,Sauce Viejo Airport,Santa Fe,AR,SA,-31.7117,-60.8117,M
SFO,San Francisco International Airport,San Francisco,US,NA,37.6198,-122.3748,L
SFS,Subic Bay International Airport / Naval Air Station Cubi Point,Olongapo,PH,AS,14.7948,120.2719,L
SFT,Skellefteå Airport,Skellefteå,SE,EU,64.6248,21.0769,M
SGC,Surgut International Airport,Surgut,RU,AS,61.3405,73.4058,L
SGD,Sønderborg Airport,Sønderborg,DK,EU,54.9644,9.7917,M
SGF,Springfield Branson National Airport,Springfield,US,NA,37.2450,-93.3886,M
SGN,Tan Son Nhat International Airport,Ho Chi Minh City,VN,AS,10.8188,106.6520,L
SGU,St George Regional Airport,St George,US,NA,37.0364,-113.5103,M
SHA,Shanghai Hongqiao International Airport,Shanghai (Minhang),CN,AS,31.1981,121.3343,L
SHB,Nakashibetsu Airport,Nakashibetsu,JP,AS,43.5775,144.9600,M
SHD,Shenandoah Valley Regional Airport,Weyers Cave,US,NA,38.2638,-78.8964,M
SHE,Shenyang Taoxian International Airport,Shenyang,CN,AS,41.6398,123.4837,L
SHI,Shimojishima Airport,Miyakojima,JP,AS,24.8267,125.1450,M
SHJ,Sharjah International Airport,Sharjah,AE,AS,25.3286,55.5172,L
SHL,Shillong Airport,Shillong,IN,AS,25.7036,91.9787,M
SHM,Nanki Shirahama Airport,Shirahama,JP,AS,33.6622,135.3640,M
SHO,King Mswati III International Airport,Mpaka,SZ,AF,-26.3586,31.7169,L
SHR,Sheridan County Airport,Sheridan,US,NA,44.7692,-106.9800,M
SHS,Jingzhou Shashi Airport,Jingzhou (Shashi),CN,AS,30.2928,112.4485,M
SHV,Shreveport Regional Airport,Shreveport,US,NA,32.4447,-93.8267,M
SHW,Sharurah Domestic Airport,Sharurah,SA,AS,17.4669,47.1214,M
SID,Amílcar Cabral International Airport,Espargos,CV,AF,16.7414,-22.9494,L
SIG,Fernando Luis Ribas Dominicci Airport,San Juan,PR,NA,18.4568,-66.0981,M
SIN,Singapore Changi Airport,Singapore,SG,AS,1.3502,103.9940,L
SIS,Sishen Airport,Sishen,ZA,AF,-27.6486,22.9993,M
SIT,Sitka Rocky Gutierrez Airport,Sitka,US,NA,57.0471,-135.3620,M
SJC,Mineta San Jose International Airport,San Jose,US,NA,37.3625,-121.9292,L
SJD,Los Cabos International Airport,San José del Cabo,MX,NA,23.1519,-109.7207,L
SJE,Jorge E. Gonzalez Torres Airport,San José Del Guaviare,CO,SA,2.5797,-72.6394,M
SJI,San Jose Airport,San Jose,PH,AS,12.3615,121.0470,M
SJJ,Sarajevo International Airport,Sarajevo,BA,EU,43.8246,18.3315,L
SJK,Professor Urbano Ernesto Stumpf Airport,São José Dos Campos,BR,SA,-23.2292,-45.8615,M
SJL,São Gabriel da Cachoeira Airport,São Gabriel da Cachoeira,BR,SA,-0.1484,-66.9855,M
SJO,Juan Santamaría International Airport,San José (Alajuela),CR,NA,9.9939,-84.2088,L
SJP,Prof. Eribelto Manoel Reino State Airport,São José do Rio Preto,BR,SA,-20.8171,-49.4070,M
SJT,San Angelo Regional Mathis Field,San Angelo,US,NA,31.3577,-100.4960,M
SJU,Luis Munoz Marin International Airport,San Juan,PR,NA,18.4394,-66.0018,L
SJW,Shijiazhuang Zhengding International Airport,Shijiazhuang,CN,AS,38.2807,114.6970,L
SJZ,São Jorge Airport,Velas,PT,EU,38.6655,-28.1758,M
SKB,Robert L. Bradshaw International Airport,Basseterre,KN,NA,17.3108,-62.7191,L
SKD,Samarkand International Airport,Samarkand,UZ,AS,39.7018,66.9815,L
SKG,Thessaloniki Macedonia International Airport,Thessaloniki,GR,EU,40.5193,22.9700,L
SKN,"Stokmarknes Airport, Skagen",Hadsel,NO,EU,68.5788,15.0334,M
SKO,Sadiq Abubakar III International Airport,Sokoto,NG,AF,12.9157,5.2075,L
SKP,Skopje International Airport,Ilinden,MK,EU,41.9581,21.6226,L
SKT,Sialkot International Airport,Sialkot,PK,AS,32.5359,74.3646,L
SKX,Saransk International Airport,Saransk,RU,EU,54.1251,45.2123,L
SKZ,Begum Nusrat Bhutto International Airport Sukkur,Sukkur,PK,AS,27.7220,68.7917,M
SLA,Martín Miguel de Güemes International Airport,Salta,AR,SA,-24.8560,-65.4862,L
SLC,Salt Lake City International Airport,Salt Lake City,US,NA,40.7889,-111.9799,L
SLD,Sliač Airport,Sliač,SK,EU,48.6378,19.1341,M
SLE,Salem-Willamette Valley Airport/McNary Field,Salem,US,NA,44.9095,-123.0030,M
SLK,Adirondack Regional Airport,Saranac Lake,US,NA,44.3869,-74.2046,M
SLL,Salalah International Airport,Salalah,OM,AS,17.0387,54.0913,L
SLM,Salamanca Airport,Salamanca,ES,EU,40.9521,-5.5020,M
SLN,Salina Municipal Airport,Salina,US,NA,38.7910,-97.6522,M
SLP,Ponciano Arriaga International Airport,San Luis Potosí,MX,NA,22.2620,-100.9357,M
SLU,George F. L. Charles Airport,Castries,LC,NA,14.0202,-60.9929,M
SLW,Plan de Guadalupe International Airport,Saltillo,MX,NA,25.5379,-100.9283,M
SLY,Salekhard Airport,Salekhard,RU,AS,66.5908,66.6110,M
SLZ,Marechal Cunha Machado International Airport,São Luís,BR,SA,-2.5864,-44.2350,L
SMA,Santa Maria Airport,Vila do Porto,PT,EU,36.9714,-25.1706,M
SMF,Sacramento International Airport,Sacramento,US,NA,38.6954,-121.5910,L
SMI,Samos Airport,Samos Island,GR,EU,37.6900,26.9117,M
SML,Stella Maris Airport,Stella Maris,BS,NA,23.5823,-75.2686,M
SMN,Lemhi County Airport,Salmon,US,NA,45.1222,-113.8820,M
SMR,Simón Bolívar International Airport,Santa Marta,CO,SA,11.1196,-74.2306,M
SMS,Sainte Marie Airport,Vohilava,MG,AF,-17.0939,49.8158,M
SMW,Smara Airport,Smara,EH,AF,26.7320,-11.6837,M
SMX,Santa Maria Public Airport Captain G Allan Hancock Field,Santa Maria,US,NA,34.8989,-120.4570,M
SNA,John Wayne Orange County International Airport,Santa Ana,US,NA,33.6751,-117.8693,L
SNB,Snake Bay Airport,Milikapiti,AU,OC,-11.4177,130.6485,M
SNC,General Ulpiano Paez International Airport,Salinas/La Libertad,EC,SA,-2.2101,-80.9851,L
SNE,Preguiça Airport,Preguiça,CV,AF,16.5889,-24.2841,M
SNN,Shannon Airport,Shannon,IE,EU,52.7020,-8.9248,L
SNO,Sakon Nakhon Airport,,TH,AS,17.1951,104.1190,M
SNP,St Paul Island Airport,St Paul Island,US,NA,57.1663,-170.2226,M
SNU,Abel Santamaria International Airport,Santa Clara,CU,NA,22.4922,-79.9431,L
SNV,Santa Elena de Uairén Airport,Santa Elena de Uairén,VE,SA,4.5547,-61.1452,M
SNW,Thandwe Airport,Thandwe,MM,AS,18.4607,94.3001,M
SOB,Hévíz–Balaton Airport,Sármellék,HU,EU,46.6864,17.1591,M
SOC,Adisoemarmo International Airport,Surakarta,ID,AS,-7.5160,110.7575,L
SOF,Sofia Airport,Sofia,BG,EU,42.6964,23.4177,L
SOJ,Sørkjosen Airport,Sørkjosen,NO,EU,69.7868,20.9594,M
SOM,San Tomé Airport,El Tigre,VE,SA,8.9451,-64.1511,M
SON,Santo Pekoa International Airport,Luganville,VU,OC,-15.5050,167.2200,M
SOQ,Domine Eduard Osok Airport,Sorong,ID,AS,-0.8940,131.2870,M
SOU,Southampton Airport,Southampton,GB,EU,50.9503,-1.3568,M
SOW,Show Low Regional Airport,Show Low,US,NA,34.2641,-110.0071,M
SPC,La Palma Airport,"Sta Cruz de la Palma, La Palma Island",ES,AF,28.6265,-17.7556,M
SPD,Saidpur Airport,Saidpur,BD,AS,25.7592,88.9089,M
SPI,Abraham Lincoln Capital Airport,Springfield,US,NA,39.8441,-89.6779,M
SPN,Saipan International Airport,"I Fadang, Saipan",MP,OC,15.1194,145.7288,M
SPP,Menongue Airport,Menongue,AO,AF,-14.6576,17.7198,M
SPR,John Greif II Airport,San Pedro,BZ,NA,17.9139,-87.9711,M
SPS,Wichita Falls Municipal Airport / Sheppard Air Force Base,Wichita Falls,US,NA,33.9888,-98.4919,M
SPU,Split Saint Jerome Airport,Split,HR,EU,43.5389,16.2980,L
SPX,Sphinx International Airport,Al Jiza,EG,AF,30.1082,30.8957,L
SPY,San Pedro Airport,,CI,AF,4.7467,-6.6608,M
SQD,Shangrao Sanqingshan Airport,Shangrao (Hengfeng),CN,AS,28.3797,117.9643,M
SQG,Tebelian Airport,Sintang,ID,AS,-0.0452,111.4580,M
SQJ,Sanming Shaxian Airport,Sanming (Sha),CN,AS,26.4263,117.8336,M
SQL,San Carlos Airport,San Carlos,US,NA,37.5131,-122.2508,M
SRE,Alcantarí International Airport,Sucre,BO,SA,-19.2468,-65.1496,L
SRG,Jenderal Ahmad Yani Airport,Semarang,ID,AS,-6.9707,110.3732,L
SRP,"Stord Airport, Sørstokken",Leirvik,NO,EU,59.7919,5.3408,M
SRQ,Sarasota Bradenton International Airport,Sarasota/Bradenton,US,NA,27.3946,-82.5544,L
SRT,Soroti Airport,Soroti,UG,AF,1.7277,33.6228,M
SRY,Sari Dasht-e Naz International Airport,Sari,IR,AS,36.6444,53.1888,M
SRZ,El Trompillo Airport,Santa Cruz,BO,SA,-17.8116,-63.1715,M
SSA,Deputado Luiz Eduardo Magalhães International Airport,Salvador,BR,SA,-12.9086,-38.3225,L
SSG,Malabo International Airport,Malabo,GQ,AF,3.7553,8.7087,L
SSH,Sharm El Sheikh International Airport,Sharm El Sheikh,EG,AS,27.9773,34.3947,L
SSJ,"Sandnessjøen Airport, Stokka",Alstahaug,NO,EU,65.9568,12.4689,M
SST,Santa Teresita Airport,Santa Teresita,AR,SA,-36.5423,-56.7218,M
SSY,Mbanza Congo Airport,Mbanza Congo,AO,AF,-6.2699,14.2470,M
STC,Saint Cloud Regional Airport,Saint Cloud,US,NA,45.5466,-94.0599,M
STD,Mayor Buenaventura Vivas International Airport,Santo Domingo,VE,SA,7.5654,-72.0351,M
STG,St George Airport,St George,US,NA,56.5773,-169.6638,M
STI,Cibao International Airport,Santiago,DO,NA,19.4041,-70.6044,L
STL,St. Louis Lambert International Airport,St Louis,US,NA,38.7487,-90.3700,L
STM,Santarém - Maestro Wilson Fonseca International Airport,Santarém,BR,SA,-2.4224,-54.7931,M
STN,London Stansted Airport,"London, Essex",GB,EU,51.8850,0.2350,L
STR,Stuttgart Airport,Stuttgart,DE,EU,48.6899,9.2220,L
STS,Charles M. Schulz Sonoma County Airport,Santa Rosa,US,NA,38.5090,-122.8130,M
STT,Cyril E. King Airport,Charlotte Amalie,VI,NA,18.3371,-64.9773,L
STV,Surat International Airport,Surat,IN,AS,21.1155,72.7433,L
STW,Stavropol Shpakovskoye Airport,Stavropol,RU,EU,45.1092,42.1128,M
STX,Henry E. Rohlsen Airport,Christiansted,VI,NA,17.7014,-64.8026,M
SUB,Juanda International Airport,Surabaya,ID,AS,-7.3798,112.7870,L
SUF,Lamezia Terme Sant'Eufemia International Airport,Lamezia Terme (CZ),IT,EU,38.9062,16.2460,L
SUG,Surigao Airport,Surigao City,PH,AS,9.7558,125.4809,M
SUI,Vladislav Ardzinba Sukhum International Airport,Sukhumi,GE,AS,42.8582,41.1281,L
SUJ,Satu Mare International Airport,Satu Mare,RO,EU,47.7033,22.8857,M
SUN,Friedman Memorial Airport,Hailey,US,NA,43.5044,-114.2960,M
SUV,Nausori International Airport,Nausori,FJ,OC,-18.0442,178.5615,L
SUX,Sioux Gateway Airport / Brigadier General Bud Day Field,Sioux City,US,NA,42.3976,-96.3822,M
SVA,Savoonga Airport,Savoonga,US,NA,63.6864,-170.4930,M
SVB,Sambava Airport,Sambava,MG,AF,-14.2786,50.1747,M
SVC,Grant County Airport,Silver City,US,NA,32.6367,-108.1547,M
SVD,Argyle International Airport,Kingstown,VC,NA,13.1597,-61.1488,L
SVG,"Stavanger Airport, Sola",Stavanger,NO,EU,58.8767,5.6378,L
SVI,Eduardo Falla Solano Airport,San Vicente Del Caguán,CO,SA,2.1522,-74.7663,M
SVJ,"Svolvær Airport, Helle",Svolvær,NO,EU,68.2433,14.6692,M
SVL,Savonlinna Airport,Savonlinna,FI,EU,61.9431,28.9451,M
SVO,Sheremetyevo International Airport,Moscow,RU,EU,55.9769,37.4112,L
SVQ,Seville Airport,Seville,ES,EU,37.4180,-5.8931,L
SVX,Koltsovo Airport,Yekaterinburg,RU,AS,56.7431,60.8027,L
SVZ,Juan Vicente Gómez International Airport,San Antonio del Tachira,VE,SA,7.8408,-72.4399,M
SWA,Jieyang Chaoshan International Airport,Jieyang (Rongcheng),CN,AS,23.5520,116.5033,L
SWF,New York Stewart International Airport,Newburgh,US,NA,41.5042,-74.1089,M
SWO,Stillwater Regional Airport,Stillwater,US,NA,36.1621,-97.0856,M
SXB,Strasbourg Airport,Strasbourg,FR,EU,48.5383,7.6282,L
SXM,Princess Juliana International Airport,Sint Maarten,SX,NA,18.0410,-63.1089,L
SXR,Srinagar International Airport,Srinagar,IN,AS,33.9871,74.7742,L
SYD,Sydney Kingsford Smith International Airport,Sydney (Mascot),AU,OC,-33.9461,151.1770,L
SYO,Shonai Airport,Shonai,JP,AS,38.8122,139.7870,M
SYQ,Tobías Bolaños International Airport,San Jose,CR,NA,9.9571,-84.1398,M
SYR,Syracuse Hancock International Airport,Syracuse,US,NA,43.1112,-76.1063,L
SYS,Saskylakh Airport,Saskylakh,RU,AS,71.9279,114.0800,M
SYX,Sanya Phoenix International Airport,Sanya (Tianya),CN,AS,18.3029,109.4120,L
SYY,Stornoway Airport,"Stornoway, Western Isles",GB,EU,58.2156,-6.3311,M
SYZ,Shiraz Shahid Dastghaib International Airport,Shiraz,IR,AS,29.5392,52.5898,L
SZA,Soyo Airport,Soyo,AO,AF,-6.1411,12.3718,M
SZB,Sultan Abdul Aziz Shah International Airport,Subang,MY,AS,3.1306,101.5490,L
SZF,Samsun-Çarşamba Airport,Samsun,TR,AS,41.2540,36.5675,M
SZG,Salzburg Airport,Salzburg,AT,EU,47.7933,13.0043,L
SZH,Shuozhou Zirun Airport,Shuozhou,CN,AS,39.2732,112.6916,M
SZK,Skukuza Airport,Skukuza,ZA,AF,-24.9609,31.5886,M
SZX,Shenzhen Bao'an International Airport,Shenzhen,CN,AS,22.6395,113.8033,L
SZY,Olsztyn-Mazury Airport,Szymany,PL,EU,53.4819,20.9377,M
SZZ,Solidarity Szczecin–Goleniów Airport,Szczecin(Glewice),PL,EU,53.5847,14.9022,L
TAB,A.N.R. Robinson International Airport,Scarborough,TT,NA,11.1496,-60.8313,L
TAC,Daniel Z. Romualdez Airport,Tacloban City,PH,AS,11.2278,125.0278,M
TAE,Daegu International Airport,Daegu,KR,AS,35.8944,128.6570,L
TAG,Bohol-Panglao International Airport,Panglao,PH,AS,9.5730,123.7701,L
TAH,Whitegrass Airport,Tanna Island,VU,OC,-19.4551,169.2240,M
TAI,Taiz International Airport,Taiz,YE,AS,13.6860,44.1391,M
TAK,Takamatsu Airport,Takamatsu,JP,AS,34.2150,134.0155,L
TAM,General Francisco Javier Mina International Airport,Ciudad Madero,MX,NA,22.2926,-97.8671,M
TAO,Qingdao Jiaodong International Airport,Qingdao (Jiaozhou),CN,AS,36.3620,120.0882,L
TAP,Tapachula International Airport,Tapachula,MX,NA,14.7945,-92.3699,M
TAS,Tashkent International Airport,Tashkent,UZ,AS,41.2579,69.2812,L
TAT,Poprad-Tatry Airport,Poprad,SK,EU,49.0710,20.2414,M
TAY,Tartu Airport,Tartu,EE,EU,58.3074,26.6865,M
TAZ,Dashoguz International Airport,Daşoguz,TM,AS,41.7599,59.8361,L
TBB,Dong Tac Airport,Tuy Hoa,VN,AS,13.0496,109.3340,M
TBH,Tugdan Airport,Tablas Island,PH,AS,12.3110,122.0850,M
TBI,New Bight Airport,Cat Island,BS,NA,24.3153,-75.4523,M
TBJ,Tabarka-Aïn Draham International Airport,Tabarka,TN,AF,36.9800,8.8769,M
TBN,Waynesville-St. Robert Regional Airport-Forney Field,Fort Leonard Wood,US,NA,37.7416,-92.1407,M
TBP,Captain Pedro Canga Rodríguez International Airport,Tumbes,PE,SA,-3.5521,-80.3811,M
TBS,Tbilisi International Airport,Tbilisi,GE,AS,41.6692,44.9547,L
TBT,Tabatinga International Airport,Tabatinga,BR,SA,-4.2557,-69.9358,M
TBU,Fua'amotu International Airport,Nuku'alofa,TO,OC,-21.2414,-175.1492,L
TBZ,Tabriz International Airport,Tabriz,IR,AS,38.1339,46.2350,L
TCA,Tennant Creek Airport,Tennant Creek,AU,OC,-19.6344,134.1830,M
TCB,Treasure Cay Airport,Treasure Cay,BS,NA,26.7453,-77.3913,M
TCO,La Florida Airport,Tumaco,CO,SA,1.8144,-78.7492,M
TCP,Taba International Airport,Taba,EG,AS,29.5945,34.7758,M
TCQ,Coronel FAP Carlos Ciriani Santa Rosa International Airport,Tacna,PE,SA,-18.0533,-70.2758,M
TCZ,Tengchong Tuofeng Airport,Baoshan (Tengchong),CN,AS,24.9381,98.4858,M
TDD,Teniente Av. Jorge Henrich Arauz Airport,Trinidad,BO,SA,-14.8187,-64.9180,M
TDK,Taldykorgan Airport,Taldykorgan,KZ,AS,45.1225,78.4428,M
TDX,Trat Airport,Laem Ngop,TH,AS,12.2746,102.3190,M
TEB,Teterboro Airport,Teterboro,US,NA,40.8501,-74.0608,M
TEE,Cheikh Larbi Tébessi Airport,Tébessi,DZ,AF,35.4316,8.1207,M
TEN,Tongren Fenghuang Airport,Tongren (Daxing),CN,AS,27.8833,109.3089,M
TEQ,Tekirdağ Çorlu Airport,Çorlu,TR,EU,41.1382,27.9191,M
TER,Lajes Airport,Praia da Vitória,PT,EU,38.7618,-27.0908,M
TET,Tete Airport,Tete,MZ,AF,-16.1048,33.6402,L
TEX,Telluride Regional Airport,Telluride,US,NA,37.9538,-107.9080,M
TEZ,Tezpur Airport,,IN,AS,26.7091,92.7847,M
TFF,Tefé Airport,Tefé,BR,SA,-3.3829,-64.7241,M
TFN,Tenerife Norte-Ciudad de La Laguna Airport,Tenerife,ES,AF,28.4828,-16.3417,L
TFS,Tenerife Sur Airport,Tenerife,ES,AF,28.0445,-16.5725,L
TFU,Chengdu Tianfu International Airport,Chengdu (Jianyang),CN,AS,30.3125,104.4413,L
TGD,Podgorica Airport / Podgorica Golubovci Airbase,Podgorica,ME,EU,42.3594,19.2519,L
TGG,Sultan Mahmud Airport,Kuala Terengganu,MY,AS,5.3826,103.1030,M
TGJ,Tiga Airport,Tiga,NC,OC,-21.0964,167.8038,M
TGM,Târgu Mureş Transilvania International Airport,Recea,RO,EU,46.4677,24.4125,M
TGO,Tongliao Airport,Tongliao,CN,AS,43.5567,122.2000,M
TGR,Touggourt Sidi Madhi Airport,Touggourt,DZ,AF,33.0678,6.0887,M
TGT,Tanga Airport,Tanga,TZ,AF,-5.0924,39.0712,M
TGU,Toncontín Airport,Tegucigalpa,HN,NA,14.0609,-87.2172,M
TGZ,Angel Albino Corzo International Airport,Tuxtla Gutiérrez,MX,NA,16.5616,-93.0257,M
THE,Senador Petrônio Portela Airport,Teresina,BR,SA,-5.0602,-42.8237,M
THG,Thangool Airport,Biloela,AU,OC,-24.4949,150.5780,M
THL,Tachileik Airport,Tachileik,MM,AS,20.4838,99.9354,M
THN,Trollhättan-Vänersborg Airport,Trollhättan,SE,EU,58.3181,12.3450,M
THQ,Tianshui Maijishan Airport,Tianshui (Maiji),CN,AS,34.5601,105.8603,M
THR,Mehrabad International Airport,Tehran,IR,AS,35.6892,51.3144,L
THS,Sukhothai Airport,,TH,AS,17.2380,99.8182,M
TIA,Tirana International Airport Mother Teresa,Rinas,AL,EU,41.4147,19.7206,L
TIF,Taif International Airport,Taif,SA,AS,21.4847,40.5441,L
TIH,Tikehau Airport,Tuherahera,PF,OC,-15.1196,-148.2310,M
TIJ,General Abelardo L. Rodriguez International Airport,Tijuana,MX,NA,32.5410,-116.9700,L
TIM,Mozes Kilangin Airport,Timika,ID,AS,-4.5298,136.8874,M
TIN,Tindouf Airport,Tindouf,DZ,AF,27.7004,-8.1671,M
TIQ,Francisco Manglona Borja / Tinian International Airport,Tinian Island,MP,OC,14.9992,145.6194,M
TIR,Tirupati International Airport,Tirupati,IN,AS,13.6320,79.5399,L
TIU,Timaru Airport,,NZ,OC,-44.3028,171.2250,M
TIV,Tivat Airport,Tivat,ME,EU,42.4047,18.7233,M
TIW,Tacoma Narrows Airport,Tacoma,US,NA,47.2674,-122.5773,M
TJA,Capitan Oriel Lea Plaza Airport,Tarija,BO,SA,-21.5557,-64.7013,M
TJG,Warukin Airport,Tanta-Tabalong,ID,AS,-2.2166,115.4360,M
TJH,Konotori Tajima Airport,Toyooka,JP,AS,35.5128,134.7870,M
TJK,Tokat Airport,Tokat,TR,AS,40.3247,36.3906,M
TJM,Roshchino International Airport,Tyumen,RU,AS,57.1790,65.3277,L
TJU,Kulob International Airport,Kulob,TJ,AS,37.9881,69.8050,L
TKD,Takoradi Airport,Sekondi-Takoradi,GH,AF,4.8961,-1.7748,M
TKF,Truckee Tahoe Airport,Truckee,US,NA,39.3186,-120.1406,M
TKG,Radin Inten II International Airport,Bandar Lampung,ID,AS,-5.2468,105.1825,M
TKK,Chuuk International Airport,Weno Island,FM,OC,7.4619,151.8430,L
TKN,Tokunoshima Airport,Amagi,JP,AS,27.8364,128.8814,M
TKP,Takapoto Airport,,PF,OC,-14.7095,-145.2460,M
TKS,Tokushima Awaodori Airport / JMSDF Tokushima Air Base,Tokushima,JP,AS,34.1326,134.6078,L
TKU,Turku Airport,Turku,FI,EU,60.5141,22.2628,L
TKX,Takaroa Airport,,PF,OC,-14.4558,-145.0250,M
TLC,Adolfo López Mateos International Airport,Toluca,MX,NA,19.3369,-99.5658,L
TLE,Toliara Airport,Toliara,MG,AF,-23.3834,43.7285,M
TLH,Tallahassee International Airport,Tallahassee,US,NA,30.4012,-84.3543,M
TLL,Lennart Meri Tallinn Airport,Tallinn,EE,EU,59.4132,24.8326,L
TLM,Zenata – Messali El Hadj Airport,Zenata,DZ,AF,35.0127,-1.4571,L
TLN,Toulon-Hyères Airport,"Hyères, Var",FR,EU,43.0973,6.1460,M
TLQ,Turpan Jiaohe Airport,Turpan,CN,AS,43.0308,89.0987,M
TLS,Toulouse-Blagnac Airport,Toulouse/Blagnac,FR,EU,43.6291,1.3638,L
TLV,Ben Gurion International Airport,Tel Aviv,IL,AS,32.0114,34.8867,L
TME,Gustavo Vargas Airport,Tame,CO,SA,6.4511,-71.7603,M
TMH,Tanah Merah Airport,Tanah Merah,ID,AS,-6.0967,140.3035,M
TMJ,Termez Airport,Termez,UZ,AS,37.2873,67.3119,M
TML,Yakubu Tali International Airport,Tamale,GH,AF,9.5539,-0.8661,L
TMM,Toamasina Ambalamanasy Airport,Toamasina,MG,AF,-18.1135,49.3923,L
TMP,Tampere-Pirkkala Airport,Tampere / Pirkkala,FI,EU,61.4141,23.6044,L
TMR,Aguenar – Hadj Bey Akhamok Airport,Tamanrasset,DZ,AF,22.8110,5.4508,L
TMS,São Tomé International Airport,São Tomé,ST,AF,0.3782,6.7122,L
TMT,Trombetas Airport,Oriximiná,BR,SA,-1.4896,-56.3968,M
TMW,Tamworth Airport,Tamworth,AU,OC,-31.0779,150.8455,M
TMX,Timimoun Airport,Timimoun,DZ,AF,29.2371,0.2760,M
TNA,Jinan Yaoqiang International Airport,Jinan (Licheng),CN,AS,36.8572,117.2160,L
TND,Alberto Delgado Airport,Trinidad,CU,NA,21.7883,-79.9972,M
TNE,New Tanegashima Airport,Tanegashima,JP,AS,30.6051,130.9910,M
TNG,Tangier Ibn Battuta Airport,Tangier,MA,AF,35.7317,-5.9215,L
TNH,Tonghua Sanyuanpu Airport,Tonghua,CN,AS,42.0484,125.7340,M
TNJ,Raja Haji Fisabilillah International Airport,Tanjung Pinang-Bintan Island,ID,AS,0.9240,104.5334,M
TNN,Tainan International Airport / Tainan Air Base,Tainan (Rende),TW,AS,22.9504,120.2060,L
TNR,Ivato International Airport,Antananarivo,MG,AF,-18.7969,47.4788,L
TOD,Tioman Airport,Tioman Island,MY,AS,2.8182,104.1600,M
TOE,Tozeur Nefta International Airport,Tozeur,TN,AF,33.9397,8.1106,M
TOF,Tomsk Kamov Airport,Tomsk,RU,AS,56.3803,85.2083,L
TOL,Eugene F. Kranz Toledo Express Airport,Toledo,US,NA,41.5868,-83.8078,M
TOM,Tombouktou Airport,Timbuktu,ML,AF,16.7305,-3.0076,L
TOS,Tromsø Airport,Tromsø,NO,EU,69.6833,18.9189,L
TOU,Touho Airport,Touho,NC,OC,-20.7901,165.2595,M
TOY,Toyama Kitokito Airport,Toyama,JP,AS,36.6484,137.1874,M
TPA,Tampa International Airport,Tampa,US,NA,27.9755,-82.5332,L
TPE,Taiwan Taoyuan International Airport,Taoyuan,TW,AS,25.0777,121.2330,L
TPJ,Taplejung Airport,Taplejung,NP,AS,27.3509,87.6953,M
TPP,Cadete FAP Guillermo Del Castillo Paredes Airport,Tarapoto,PE,SA,-6.5087,-76.3732,M
TPQ,Amado Nervo National Airport,Tepic,MX,NA,21.4198,-104.8425,M
TPS,Vincenzo Florio Airport Trapani-Birgi,Trapani (TP),IT,EU,37.9114,12.4880,M
TQO,Felipe Carrillo Puerto International Airport Tulum,Tulum,MX,NA,20.1721,-87.6603,L
TRA,Tarama Airport,Tarama,JP,AS,24.6538,124.6755,M
TRC,Francisco Sarabia Tinoco International Airport,Torreón,MX,NA,25.5623,-103.4046,M
TRD,"Trondheim Airport, Værnes",Trondheim,NO,EU,63.4578,10.9240,L
TRE,Tiree Airport,"Balemartine, Argyll and Bute",GB,EU,56.4992,-6.8692,M
TRF,"Sandefjord Airport, Torp",Sandefjord(Torp),NO,EU,59.1867,10.2586,L
TRG,Tauranga Airport,Tauranga,NZ,OC,-37.6719,176.1960,M
TRI,Tri-Cities Regional TN/VA Airport,Blountville,US,NA,36.4752,-82.4074,M
TRK,Juwata International Airport / Suharnoko Harbani AFB,Tarakan,ID,AS,3.3251,117.5642,M
TRN,Turin Airport,Caselle Torinese (TO),IT,EU,45.2008,7.6496,L
TRR,China Bay Airport,Trincomalee,LK,AS,8.5392,81.1813,M
TRS,Trieste Airport,Ronchi dei Legionari/Trieste,IT,EU,45.8279,13.4667,L
TRT,Toraja Airport,Toraja,ID,AS,-3.1844,119.9191,M
TRU,Capitán FAP Carlos Martínez de Pinillos International Airport,Trujillo,PE,SA,-8.0824,-79.1088,L
TRV,Thiruvananthapuram International Airport,Thiruvananthapuram,IN,AS,8.4819,76.9200,L
TRW,Bonriki International Airport,South Tarawa,KI,OC,1.3816,173.1470,L
TRZ,Tiruchirappalli International Airport,Tiruchirappalli,IN,AS,10.7629,78.7177,L
TSA,Taipei Songshan International Airport,Taipei (Songshan),TW,AS,25.0672,121.5528,L
TSF,Treviso Airport,Treviso (TV),IT,EU,45.6484,12.1944,L
TSJ,Tsushima Airport,Tsushima,JP,AS,34.2849,129.3310,M
TSM,Taos Regional Airport,Taos,US,NA,36.4525,-105.6775,M
TSN,Tianjin Binhai International Airport,Tianjin,CN,AS,39.1244,117.3460,L
TSR,Timișoara Traian Vuia International Airport,Timişoara,RO,EU,45.8099,21.3379,L
TST,Trang Airport,Trang,TH,AS,7.5087,99.6166,M
TSV,Townsville Airport / RAAF Base Townsville,Townsville,AU,OC,-19.2529,146.7665,M
TTA,Tan Tan Airport,Tan Tan,MA,AF,28.4476,-11.1617,M
TTE,Sultan Babullah Airport,Ternate,ID,AS,0.8310,127.3816,M
TTJ,Tottori Sand Dunes Conan Airport,Tottori,JP,AS,35.5301,134.1650,M
TTN,Trenton Mercer Airport,Ewing Township,US,NA,40.2767,-74.8135,M
TTT,Taitung Airport,Taitung City,TW,AS,22.7549,121.1018,M
TTU,Sania Ramel Airport,Tétouan,MA,AF,35.5943,-5.3200,L
TUA,Lieutenant Colonel Luis A. Mantilla International Airport,Tulcán,EC,SA,0.8095,-77.7081,M
TUB,Tubuai Airport,,PF,OC,-23.3654,-149.5240,M
TUC,Teniente Benjamín Matienzo International Airport,San Miguel de Tucumán,AR,SA,-26.8374,-65.1042,L
TUF,Tours Val de Loire Airport,"Tours, Indre-et-Loire",FR,EU,47.4322,0.7276,M
TUG,Tuguegarao Airport,Tuguegarao City,PH,AS,17.6434,121.7332,M
TUI,Turaif Domestic Airport,Turaif,SA,AS,31.6922,38.7315,M
TUK,Turbat International Airport,Turbat,PK,AS,25.9848,63.0289,L
TUL,Tulsa International Airport,Tulsa,US,NA,36.1971,-95.8862,L
TUN,Tunis Carthage International Airport,Tunis,TN,AF,36.8510,10.2272,L
TUO,Taupo Airport,Taupo,NZ,OC,-38.7397,176.0840,M
TUP,Tupelo Regional Airport,Tupelo,US,NA,34.2681,-88.7699,M
TUR,Tucuruí Airport,Tucuruí,BR,SA,-3.7860,-49.7203,M
TUS,Tucson International Airport,Tucson,US,NA,32.1150,-110.9381,L
TUU,Prince Sultan bin Abdulaziz International Airport,Tabuk,SA,AS,28.3711,36.6249,L
TVC,Cherry Capital Airport,Traverse City,US,NA,44.7414,-85.5822,M
TVF,Thief River Falls Regional Airport,Thief River Falls,US,NA,48.0657,-96.1850,M
TVT,Tashkent-Khumo International Airport,Tashkent,UZ,AS,41.3129,69.3955,M
TVY,Dawei Airport,Dawei,MM,AS,14.1039,98.2036,M
TWF,Joslin Field Magic Valley Regional Airport,Twin Falls,US,NA,42.4818,-114.4880,M
TWT,Sanga Sanga Airport,Bongao,PH,AS,5.0482,119.7433,M
TWU,Tawau Airport,Tawau,MY,AS,4.3134,118.1215,M
TXE,Rembele Airport,Takengon,ID,AS,4.7211,96.8519,M
TXK,Texarkana Regional Airport (Webb Field),Texarkana,US,NA,33.4537,-93.9910,M
TXN,Huangshan Tunxi International Airport,Huangshan,CN,AS,29.7333,118.2560,L
TYF,Torsby Airport,Torsby,SE,EU,60.1576,12.9913,M
TYL,Captain Victor Montes Arias International Airport,Talara,PE,SA,-4.5766,-81.2541,M
TYN,Taiyuan Wusu International Airport,Taiyuan,CN,AS,37.7469,112.6280,L
TYR,Tyler Pounds Regional Airport,Tyler,US,NA,32.3541,-95.4024,M
TYS,McGhee Tyson Airport,Knoxville/Maryville,US,NA,35.8110,-83.9940,L
TZA,Sir Barry Bowen Municipal Airport,Belize City,BZ,NA,17.5172,-88.1958,M
TZL,Tuzla International Airport,Dubrave Gornje,BA,EU,44.4599,18.7236,L
TZN,Congo Town Airport,Andros,BS,NA,24.1587,-77.5898,M
TZX,Trabzon International Airport,Trabzon,TR,AS,40.9951,39.7897,M
UAI,"Commander in Chief of FALINTIL, Kay Rala Xanana Gusmão, International Airport",Suai,TL,AS,-9.3019,125.2863,M
UAQ,Domingo Faustino Sarmiento Airport,San Juan,AR,SA,-31.5715,-68.4182,M
UAR,Bouarfa Airport,Bouarfa,MA,AF,32.5143,-1.9831,M
UBA,Mário de Almeida Franco Airport,Uberaba,BR,SA,-19.7650,-47.9648,M
UBJ,Yamaguchi Ube Airport,Ube,JP,AS,33.9300,131.2790,M
UBN,Ulaanbaatar Chinggis Khaan International Airport,Ulaanbaatar (Sergelen),MN,AS,47.6469,106.8198,L
UBP,Ubon Ratchathani Airport,Ubon Ratchathani,TH,AS,15.2513,104.8700,M
UCB,Ulanqab Jining Airport,Ulanqab,CN,AS,41.1303,113.1073,M
UCT,Ukhta Airport,Ukhta,RU,AS,63.5669,53.8047,M
UDI,Ten. Cel. Aviador César Bombonato Airport,Uberlândia,BR,SA,-18.8836,-48.2259,M
UDR,Maharana Pratap Airport,Udaipur,IN,AS,24.6177,73.8961,M
UEL,Quelimane Airport,Quelimane,MZ,AF,-17.8555,36.8691,M
UEO,Kumejima Airport,Kumejima,JP,AS,26.3634,126.7138,M
UET,Quetta International Airport,Quetta,PK,AS,30.2514,66.9378,L
UFA,Ufa International Airport,Ufa,RU,EU,54.5575,55.8744,L
UGA,Bulgan Airport,Bulgan,MN,AS,48.8550,103.4760,M
UGC,Urgench International Airport,Urgench,UZ,AS,41.5827,60.6434,L
UGU,Bilorai Airport,Bilogai,ID,AS,-3.7395,137.0312,M
UIB,El Caraño Airport,Quibdó,CO,SA,5.6908,-76.6412,M
UIH,Phu Cat Airport,Quy Nohn,VN,AS,13.9550,109.0420,M
UIN,Quincy Regional Airport Baldwin Field,Quincy,US,NA,39.9427,-91.1946,M
UIO,Mariscal Sucre International Airport,Quito,EC,SA,-0.1254,-78.3543,L
UKB,Kobe Airport,Kobe,JP,AS,34.6328,135.2240,L
UKE,Utkela Airport,Bhawanipatna,IN,AS,20.0978,83.1833,M
UKK,Oskemen International Airport,Ust-Kamenogorsk (Oskemen),KZ,AS,50.0350,82.4961,L
UKX,Ust-Kut Airport,Ust-Kut,RU,AS,56.8567,105.7300,M
ULG,Ölgii Mongolei International Airport,Ölgii,MN,AS,48.9933,89.9225,M
ULH,Al-Ula International Airport,Al-Ula,SA,AS,26.4836,38.1170,L
ULK,Lensk Airport,Lensk,RU,AS,60.7236,114.8253,M
ULO,Ulaangom Airport,Ulaangom,MN,AS,50.0666,91.9383,M
ULP,Quilpie Airport,,AU,OC,-26.6092,144.2537,M
ULU,Gulu Airport,Gulu,UG,AF,2.8056,32.2718,M
ULV,Ulyanovsk Baratayevka Airport,Ulyanovsk,RU,EU,54.2702,48.2256,M
ULY,Ulyanovsk Vostochny Airport,Cherdakly,RU,AS,54.4010,48.8027,M
UME,Umeå Airport,Umeå,SE,EU,63.7918,20.2828,L
UNI,Union Island International Airport,Union Island,VC,NA,12.6001,-61.4119,M
UNK,Unalakleet Airport,Unalakleet,US,NA,63.8884,-160.7990,M
UNN,Ranong Airport,Ranong,TH,AS,9.7776,98.5855,M
UPG,Sultan Hasanuddin International Airport,Makassar,ID,AS,-5.0755,119.5537,L
UPN,Uruapan - Licenciado y General Ignacio Lopez Rayon International Airport,Uruapan,MX,NA,19.3967,-102.0390,M
URA,Manshuk Mametova International Airport,Uralsk,KZ,AS,51.1520,51.5437,L
URC,Ürümqi Tianshan International Airport,Ürümqi,CN,AS,43.9136,87.4794,L
URE,Kuressaare Airport,Kuressaare,EE,EU,58.2299,22.5095,M
URG,Rubem Berta Airport,Uruguaiana,BR,SA,-29.7822,-57.0382,M
URJ,Uray Airport,Uray,RU,AS,60.1033,64.8267,M
URT,Surat Thani Airport,Surat Thani,TH,AS,9.1326,99.1356,M
URY,Gurayat Domestic Airport,Gurayat,SA,AS,31.4124,37.2789,M
USA,Concord-Padgett Regional Airport,Concord,US,NA,35.3878,-80.7091,M
USH,Ushuaia - Malvinas Argentinas International Airport,Ushuaia,AR,SA,-54.8433,-68.2958,M
USK,Usinsk Airport,Usinsk,RU,AS,66.0047,57.3672,M
USM,Samui International Airport,Na Thon (Ko Samui Island),TH,AS,9.5478,100.0620,L
USN,Ulsan Airport,Ulsan,KR,AS,35.5935,129.3520,M
USR,Ust-Nera Airport,Ust-Nera,RU,AS,64.5500,143.1150,M
UST,Northeast Florida Regional Airport,St Augustine,US,NA,29.9592,-81.3398,M
USU,Francisco B. Reyes (Busuanga) Airport,Coron,PH,AS,12.1219,120.1008,M
UTH,Udon Thani International Airport,Udon Thani,TH,AS,17.3862,102.7886,L
UTN,Upington Airport,Upington,ZA,AF,-28.4002,21.2636,M
UTO,Indian Mountain LRRS Airport,Utopia Creek,US,NA,65.9928,-153.7040,M
UTP,U-Tapao–Rayong–Pattaya International Airport,Rayong,TH,AS,12.6799,101.0050,L
UTT,K. D. Matanzima Airport,Mthatha,ZA,AF,-31.5464,28.6734,M
UUA,Bugulma Airport,Bugulma,RU,AS,54.6412,52.8002,M
UUD,Baikal International Airport,Ulan Ude,RU,AS,51.8086,107.4397,L
UUS,Yuzhno-Sakhalinsk International Airport,Yuzhno-Sakhalinsk,RU,AS,46.8855,142.7175,L
UVE,Ouvéa Airport,Ouvéa,NC,OC,-20.6409,166.5730,M
UVF,Hewanorra International Airport,Vieux Fort,LC,NA,13.7332,-60.9526,L
UYL,Nyala Airport,Nyala,SD,AF,12.0535,24.9562,M
UYN,Yulin Yuyang Airport,Yulin,CN,AS,38.3597,109.5909,M
UYU,Joya Andina International Airport,Quijarro,BO,SA,-20.4413,-66.8576,L
VAA,Vaasa Airport,Vaasa,FI,EU,63.0502,21.7625,L
VAI,Vanimo Airport,Vanimo,PG,OC,-2.6926,141.3028,M
VAM,Villa International Airport Maamigili,Maamigili,MV,AS,3.4718,72.8326,M
VAN,Van Ferit Melen Airport,Van,TR,AS,38.4682,43.3323,M
VAQ,Vanavara Airport,Vanavara,RU,AS,60.3562,102.3096,M
VAR,Varna Airport,Varna,BG,EU,43.2321,27.8251,L
VAS,Sivas Nuri Demirağ Airport,Sivas,TR,AS,39.8138,36.9035,M
VAV,Vava'u International Airport,Vava'u Island,TO,OC,-18.5853,-173.9620,L
VAW,"Vardø Airport, Svartnes",Vardø,NO,EU,70.3554,31.0449,M
VBS,Brescia Gabriele d'Annunzio Airport,Montichiari (BS),IT,EU,45.4289,10.3306,M
VBY,Visby Airport,Visby,SE,EU,57.6628,18.3462,L
VCA,Can Tho International Airport,Can Tho,VN,AS,10.0834,105.7094,L
VCE,Venice Marco Polo Airport,Venezia (VE),IT,EU,45.5053,12.3519,L
VCP,Viracopos International Airport,Campinas,BR,SA,-23.0074,-47.1345,L
VCS,Con Dao Airport,Con Dao,VN,AS,8.7318,106.6330,M
VCT,Victoria Regional Airport,Victoria,US,NA,28.8526,-96.9185,M
VDC,Glauber de Andrade Rocha Airport,Vitória da Conquista,BR,SA,-14.9079,-40.9148,M
VDE,El Hierro Airport,El Hierro Island,ES,AF,27.8148,-17.8871,M
VDH,Dong Hoi Airport,Dong Hoi,VN,AS,17.5150,106.5906,M
VDM,Gobernador Castello Airport,Viedma / Carmen de Patagones,AR,SA,-40.8692,-63.0004,M
VDO,Van Don International Airport,Van Don,VN,AS,21.1207,107.4154,M
VDS,Vadsø Airport,Vadsø,NO,EU,70.0653,29.8447,M
VDZ,Valdez Pioneer Field,Valdez,US,NA,61.1327,-146.2466,M
VEL,Vernal Regional Airport,Vernal,US,NA,40.4362,-109.5117,M
VEO,Severo-Yeniseysk Airport,Severo-Yeniseysk,RU,AS,60.3733,93.0117,M
VER,General Heriberto Jara International Airport,Veracruz,MX,NA,19.1396,-96.1886,L
VFA,Victoria Falls International Airport,Victoria Falls,ZW,AF,-18.0974,25.8369,L
VGA,Vijayawada International Airport,Vijayawada,IN,AS,16.5300,80.8049,L
VGO,Vigo Airport,Vigo,ES,EU,42.2318,-8.6268,M
VHM,Vilhelmina South Lapland Airport,Vilhelmina,SE,EU,64.5791,16.8336,M
VIE,Vienna International Airport,Vienna,AT,EU,48.1103,16.5697,L
VIG,Juan Pablo Pérez Alfonso Airport,El Vigía,VE,SA,8.6241,-71.6727,M
VII,Vinh Airport,Vinh,VN,AS,18.7376,105.6710,M
VIJ,Virgin Gorda Airport,Spanish Town,VG,NA,18.4466,-64.4279,M
VIL,Dakhla Airport,Dakhla,EH,AF,23.7183,-15.9320,L
VIT,Vitoria Airport,Alava,ES,EU,42.8828,-2.7245,M
VIX,Eurico de Aguiar Salles International Airport,Vitória,BR,SA,-20.2580,-40.2850,L
VKG,Rach Gia Airport,Rach Gia,VN,AS,9.9580,105.1324,M
VKO,Vnukovo International Airport,Moscow,RU,EU,55.5915,37.2615,L
VKT,Vorkuta Airport,Vorkuta,RU,AS,67.4886,63.9931,M
VLC,Valencia Airport,Valencia,ES,EU,39.4892,-0.4810,L
VLD,Valdosta Regional Airport,Valdosta,US,NA,30.7825,-83.2767,M
VLI,Bauerfield International Airport,Port Vila,VU,OC,-17.6993,168.3200,L
VLL,Valladolid Airport,Valladolid,ES,EU,41.7061,-4.8519,M
VLN,Arturo Michelena International Airport,Valencia,VE,SA,10.1497,-67.9284,L
VLV,Dr. Antonio Nicolás Briceño Airport,Valera,VE,SA,9.3405,-70.5841,M
VMU,Baimuru Airport,Baimuru,PG,OC,-7.4970,144.8218,M
VNO,Vilnius International Airport,Vilnius,LT,EU,54.6341,25.2858,L
VNS,Lal Bahadur Shastri International Airport,Varanasi,IN,AS,25.4522,82.8625,L
VNX,Vilankulo Airport,Vilanculo,MZ,AF,-22.0184,35.3133,M
VOG,Volgograd International Airport,Volgograd,RU,EU,48.7813,44.3392,L
VOL,Nea Anchialos National Airport,Nea Anchialos,GR,EU,39.2196,22.7943,M
VOZ,Voronezh International Airport,Voronezh,RU,EU,51.8143,39.2309,M
VPE,Ngjiva Pereira Airport,Ngiva,AO,AF,-17.0435,15.6838,M
VPN,Vopnafjörður Airport,Vopnafjörður,IS,EU,65.7206,-14.8506,M
VPS,Destin-Fort Walton Beach Airport,Valparaiso,US,NA,30.4813,-86.5158,M
VPY,Chimoio Airport,Chimoio,MZ,AF,-19.1513,33.4290,M
VQS,Antonio Rivera Rodriguez Airport,Vieques,PR,NA,18.1348,-65.4936,M
VRA,Juan Gualberto Gomez International Airport,Matanzas,CU,NA,23.0344,-81.4353,L
VRB,Vero Beach Regional Airport,Vero Beach,US,NA,27.6556,-80.4179,M
VRC,Virac Airport,Virac,PH,AS,13.5764,124.2060,M
VRL,Vila Real Airport,Vila Real,PT,EU,41.2743,-7.7205,M
VRN,Verona Villafranca Valerio Catullo Airport,Caselle (VR),IT,EU,45.3950,10.8873,L
VSA,Carlos Rovirosa Pérez International Airport,Villahermosa,MX,NA,17.9943,-92.8182,L
VSE,Aerodromo Goncalves Lobato (Viseu Airport),Viseu,PT,EU,40.7255,-7.8890,M
VST,Stockholm Västerås Airport,Stockholm / Västerås,SE,EU,59.5894,16.6336,L
VTE,Wattay International Airport,Vientiane,LA,AS,17.9851,102.5667,L
VTU,Hermanos Ameijeiras Airport,Las Tunas,CU,NA,20.9876,-76.9358,M
VTZ,Alluri Sitarama Raju International Airport (Vizag),Visakhapatnam,IN,AS,17.9715,83.5036,L
VUP,Alfonso López Pumarejo Airport,Valledupar,CO,SA,10.4350,-73.2495,M
VUS,Velikiy Ustyug Airport,Velikiy Ustyug,RU,AS,60.7883,46.2600,M
VVC,Vanguardia Airport,Villavicencio,CO,SA,4.1679,-73.6138,M
VVI,Viru Viru International Airport,Santa Cruz,BO,SA,-17.6448,-63.1354,L
VVO,Vladivostok International Airport,Artyom,RU,AS,43.3963,132.1482,L
VVZ,Illizi Takhamalt Airport,Illizi,DZ,AF,26.7235,8.6227,M
VXC,Lichinga Airport,Lichinga,MZ,AF,-13.2740,35.2663,M
VXE,Cesaria Evora International Airport,São Pedro,CV,AF,16.8334,-25.0553,L
VXO,Växjö Kronoberg Airport,Växjö,SE,EU,56.9291,14.7280,M
VYI,Vilyuisk Airport,Vilyuisk,RU,AS,63.7567,121.6933,M
WAE,Wadi Al Dawasir Domestic Airport,Wadi Al Dawasir,SA,AS,20.5043,45.1996,M
WAG,Wanganui Airport,Wanganui,NZ,OC,-39.9635,175.0244,M
WAW,Warsaw Chopin Airport,Warsaw,PL,EU,52.1657,20.9671,L
WBM,Wapenamanda Airport,Wapenamanda,PG,OC,-5.6353,143.8922,M
WDH,Hosea Kutako International Airport,Windhoek,NA,AF,-22.4799,17.4709,L
WDS,Shiyan Wudangshan Airport,Shiyan (Maojian),CN,AS,32.5929,110.9063,M
WEF,Weifang Nanyuan Airport,Weifang (Kuiwen),CN,AS,36.6467,119.1190,M
WEH,Weihai Dashuibo Airport,Weihai,CN,AS,37.1871,122.2290,M
WEI,Weipa Airport,Weipa,AU,OC,-12.6775,141.9226,M
WGA,Wagga Wagga Airport,Forest Hill,AU,OC,-35.1635,147.4683,M
WGE,Walgett Airport,,AU,OC,-30.0328,148.1260,M
WGN,Shaoyang Wugang Airport,Shaoyang (Wugang),CN,AS,26.8061,110.6410,M
WHA,Wuhu Xuanzhou Airport,Wuhu,CN,AS,31.1045,118.6669,M
WHK,Whakatāne Airport,Whakatāne,NZ,OC,-37.9222,176.9170,M
WIC,Wick John O'Groats Airport,Wick,GB,EU,58.4589,-3.0931,M
WIL,Nairobi Wilson Airport,Nairobi,KE,AF,-1.3217,36.8148,M
WIN,Winton Airport,,AU,OC,-22.3636,143.0860,M
WJR,Wajir Airport,Wajir,KE,AF,1.7332,40.0916,M
WJU,Wonju Airport / Hoengseong Air Base (K-38/K-46),Wonju,KR,AS,37.4371,127.9601,M
WKA,Wanaka Airport,Wanaka,NZ,OC,-44.7221,169.2463,M
WKJ,Wakkanai Airport,Wakkanai,JP,AS,45.4042,141.8010,M
WKK,Aleknagik / New Airport,Aleknagik,US,NA,59.2826,-158.6180,M
WLG,Wellington International Airport,Wellington,NZ,OC,-41.3268,174.8069,L
WLS,Hihifo Airport,Wallis Island,WF,OC,-13.2394,-176.1986,L
WMI,Warsaw Modlin Airport,Nowy Dwór Mazowiecki,PL,EU,52.4511,20.6518,L
WMN,Maroantsetra Airport,Maroantsetra,MG,AF,-15.4377,49.6891,M
WMT,Zunyi Maotai Airport,Zunyi,CN,AS,27.9618,106.4354,M
WMX,Wamena Airport,Wamena,ID,AS,-4.0973,138.9524,M
WNI,Matahora Airport,Wangi-wangi Island,ID,AS,-5.2921,123.6362,M
WNP,Naga Airport,Naga,PH,AS,13.5849,123.2700,M
WNR,Windorah Airport,Windorah,AU,OC,-25.4106,142.6684,M
WNS,Shaheed Benazirabad Airport,Nawabashah,PK,AS,26.2194,68.3901,M
WNZ,Wenzhou Longwan International Airport,Wenzhou (Longwan),CN,AS,27.9106,120.8535,L
WOS,Wonsan Kalma Airport,Wonsan,KP,AS,39.1652,127.4879,M
WRE,Whangarei Airport,Whangarei,NZ,OC,-35.7693,174.3637,M
WRG,Wrangell Airport,Wrangell,US,NA,56.4843,-132.3700,M
WRO,Copernicus Wrocław Airport,Wrocław,PL,EU,51.1037,16.8821,L
WST,Westerly State Airport,Westerly,US,NA,41.3496,-71.8034,M
WSZ,Westport Airport,Westport,NZ,OC,-41.7371,171.5790,M
WTB,Toowoomba Wellcamp Airport,Toowoomba,AU,OC,-27.5583,151.7933,L
WUA,Wuhai Airport,Wuhai,CN,AS,39.7934,106.7993,M
WUH,Wuhan Tianhe International Airport,Wuhan (Huangpi),CN,AS,30.7748,114.2137,L
WUN,Wiluna Airport,,AU,OC,-26.6327,120.2219,M
WUS,Nanping Wuyishan Airport,Wuyishan,CN,AS,27.7019,118.0010,M
WUU,Wau Airport,Wau,SS,AF,7.7258,27.9750,M
WUX,Sunan Shuofang International Airport,Wuxi,CN,AS,31.4970,120.4304,L
WUZ,Wuzhou Xijiang Airport,Tangbu,CN,AS,23.4032,111.0933,M
WVB,Walvis Bay International Airport,Walvis Bay(Rooikop),NA,AF,-22.9793,14.6471,L
WWK,Wewak International Airport,Wewak,PG,OC,-3.5838,143.6690,M
WYA,Whyalla Airport,Whyalla,AU,OC,-33.0589,137.5140,M
WYS,Yellowstone Airport,West Yellowstone,US,NA,44.6884,-111.1180,M
XAI,Xinyang Minggang Airport,Xinyang,CN,AS,32.5408,114.0791,M
XAP,Serafin Enoss Bertaso Airport,Chapecó,BR,SA,-27.1342,-52.6566,M
XBJ,Birjand International Airport,Birjand,IR,AS,32.8965,59.2813,L
XCH,Christmas Island International Airport,Flying Fish Cove,CX,AS,-10.4504,105.6911,M
XCR,Chalons Vatry airport,Chalons en Champagne,FR,EU,48.7733,4.2061,M
XFN,Xiangyang Liuji Airport,Xiangyang (Xiangzhou),CN,AS,32.1522,112.2917,M
XIC,Xichang Qingshan Airport,Liangshan (Xichang),CN,AS,27.9891,102.1840,M
XIL,Xilinhot Airport,Xilinhot,CN,AS,43.9156,115.9640,M
XIY,Xi'an Xianyang International Airport,Xi'an,CN,AS,34.4422,108.7624,L
XKS,Kasabonika Airport,Kasabonika,CA,NA,53.5247,-88.6428,M
XMH,Manihi Airport,,PF,OC,-14.4368,-146.0700,M
XMN,Xiamen Gaoqi International Airport,Xiamen,CN,AS,24.5439,118.1275,L
XMS,Coronel E Carvajal Airport,Macas,EC,SA,-2.2992,-78.1208,M
XNA,Northwest Arkansas National Airport,Fayetteville/Springdale/Rogers,US,NA,36.2819,-94.3068,M
XNN,Xining Caojiabao International Airport,Haidong (Huzhu Tu Autonomous County),CN,AS,36.5277,102.0402,L
XPL,Palmerola International Airport,Palmerola,HN,NA,14.3824,-87.6212,L
XQP,Quepos Managua Airport,Quepos,CR,NA,9.4432,-84.1298,M
XQU,Qualicum Beach Airport,Qualicum Beach,CA,NA,49.3375,-124.3931,M
XRY,Jerez Airport,Jerez de la Frontera,ES,EU,36.7446,-6.0601,M
XSC,South Caicos Airport,South Caicos,TC,NA,21.5157,-71.5285,M
XSP,Seletar Airport,Seletar,SG,AS,1.4156,103.8667,M
XTG,Thargomindah Airport,Thargomindah,AU,OC,-27.9864,143.8121,M
XUZ,Xuzhou Guanyin International Airport,Xuzhou,CN,AS,34.0591,117.5553,M
XWA,Williston Basin International Airport,Williston,US,NA,48.2609,-103.7512,M
YAA,Anahim Lake Airport,Anahim Lake,CA,NA,52.4515,-125.3038,M
YAG,Fort Frances Municipal Airport,Fort Frances,CA,NA,48.6557,-93.4435,M
YAK,Yakutat Airport,Yakutat,US,NA,59.5087,-139.6604,M
YAM,Sault Ste Marie Airport,Sault Ste Marie,CA,NA,46.4832,-84.5085,M
YAP,Yap International Airport,Yap Island,FM,OC,9.4989,138.0830,L
YAY,St. Anthony Airport,St. Anthony,CA,NA,51.3919,-56.0832,M
YAZ,Tofino / Long Beach Airport,Tofino,CA,NA,49.0798,-125.7756,M
YBC,Baie-Comeau Airport,Baie-Comeau,CA,NA,49.1325,-68.2044,M
YBG,Saguenay-Bagotville Airport,Saguenay,CA,NA,48.3301,-70.9920,M
YBK,Baker Lake Airport,Baker Lake,CA,NA,64.2989,-96.0778,M
YBL,Campbell River Airport,Campbell River,CA,NA,49.9508,-125.2710,M
YBP,Yibin Wuliangye Airport,Yibin (Cuiping),CN,AS,28.8584,104.5262,M
YBR,Brandon Municipal Airport,Brandon,CA,NA,49.9100,-99.9519,M
YBX,Lourdes-de-Blanc-Sablon Airport,Blanc-Sablon,CA,NA,51.4436,-57.1853,M
YBY,Bonnyville Airport,Bonnyville,CA,NA,54.3042,-110.7440,M
YCB,Cambridge Bay Airport,Cambridge Bay,CA,NA,69.1081,-105.1380,M
YCD,Nanaimo Airport,Nanaimo,CA,NA,49.0550,-123.8699,M
YCG,Castlegar/West Kootenay Regional Airport,Castlegar,CA,NA,49.2964,-117.6320,M
YCM,Niagara District Airport,Niagara-on-the-Lake,CA,NA,43.1916,-79.1717,M
YCU,Yuncheng Yanhu International Airport,Yuncheng (Yanhu),CN,AS,35.1178,111.0340,L
YDA,Dawson City Airport,Dawson City,CA,NA,64.0431,-139.1280,M
YDF,Deer Lake Airport,Deer Lake,CA,NA,49.2082,-57.3961,M
YDN,Dauphin Barker Airport,Dauphin,CA,NA,51.1008,-100.0520,M
YEG,Edmonton International Airport,Edmonton,CA,NA,53.3097,-113.5800,L
YEI,Bursa Yenişehir Airport,Yenişehir,TR,AS,40.2552,29.5626,M
YEV,Inuvik Mike Zubko Airport,Inuvik,CA,NA,68.3042,-133.4830,M
YFB,Iqaluit Airport,Iqaluit,CA,NA,63.7564,-68.5558,M
YFC,Fredericton International Airport,Fredericton,CA,NA,45.8687,-66.5299,M
YFS,Fort Simpson Airport,Fort Simpson,CA,NA,61.7602,-121.2370,M
YGJ,Yonago Kitaro Airport / JASDF Miho Air Base,Yonago,JP,AS,35.4922,133.2360,M
YGL,La Grande Rivière Airport,La Grande Rivière,CA,NA,53.6253,-77.7042,M
YGP,Michel-Pouliot Gaspé Airport,Gaspé,CA,NA,48.7749,-64.4819,M
YGR,Îles-de-la-Madeleine Airport,Les Îles-de-la-Madeleine,CA,NA,47.4252,-61.7786,M
YGV,Havre-Saint-Pierre Airport,Havre-Saint-Pierre,CA,NA,50.2819,-63.6114,M
YGW,Kuujjuarapik Airport,Kuujjuarapik,CA,NA,55.2819,-77.7653,M
YHM,John C. Munro Hamilton International Airport,Hamilton,CA,NA,43.1713,-79.9294,L
YHU,Montréal / Saint-Hubert Metropolitan Airport,Montréal,CA,NA,45.5175,-73.4169,M
YHY,Hay River / Merlyn Carter Airport,Hay River,CA,NA,60.8397,-115.7830,M
YHZ,Halifax / Stanfield International Airport,Halifax,CA,NA,44.8808,-63.5086,L
YIA,Yogyakarta International Airport,Yogyakarta,ID,AS,-7.9053,110.0573,L
YIC,Yichun Mingyueshan Airport,Yichun,CN,AS,27.8025,114.3062,M
YIE,Arxan Yi'ershi Airport,Arxan,CN,AS,47.3106,119.9117,M
YIF,St Augustin Airport,St-Augustin,CA,NA,51.2117,-58.6583,M
YIH,Yichang Sanxia Airport,Yichang (Xiaoting),CN,AS,30.5541,111.4826,M
YIN,Ili Yining International Airport,Ili (Yining / Ghulja),CN,AS,43.9558,81.3303,M
YIV,Island Lake Airport,Island Lake,CA,NA,53.8572,-94.6536,M
YIW,Yiwu Airport,Yiwu/Jinhua,CN,AS,29.3421,120.0312,L
YKA,Kamloops John Moose Fulton Field Regional Airport,Kamloops,CA,NA,50.7030,-120.4486,M
YKF,Region of Waterloo International Airport,Breslau,CA,NA,43.4608,-80.3786,M
YKH,Yingkou Lanqi Airport,Yingkou (Laobian),CN,AS,40.5425,122.3586,M
YKL,Schefferville Airport,Schefferville,CA,NA,54.8053,-66.8053,M
YKM,Yakima Air Terminal McAllister Field,Yakima,US,NA,46.5682,-120.5440,M
YKO,Hakkari Yüksekova Airport,Hakkari,TR,AS,37.5497,44.2381,M
YKS,Platon Oyunsky Yakutsk International Airport,Yakutsk,RU,AS,62.0933,129.7710,L
YLK,Barrie-Lake Simcoe Regional Airport,Barrie,CA,NA,44.4851,-79.5547,M
YLL,Lloydminster Airport,Lloydminster,CA,NA,53.3092,-110.0730,M
YLW,Kelowna International Airport,Kelowna,CA,NA,49.9561,-119.3780,L
YLX,Yulin Fumian Airport,Yulin,CN,AS,22.4330,110.1200,M
YMM,Fort McMurray International Airport,Fort McMurray,CA,NA,56.6533,-111.2220,M
YMO,Moosonee Airport,Moosonee,CA,NA,51.2911,-80.6078,M
YMS,Moises Benzaquen Rengifo Airport,Yurimaguas,PE,SA,-5.8938,-76.1182,M
YMT,Chapais Airport,Chibougamau,CA,NA,49.7719,-74.5281,M
YMX,Montreal Mirabel International Airport,Montréal,CA,NA,45.6795,-74.0387,M
YNA,Natashquan Airport,Natashquan,CA,NA,50.1901,-61.7890,M
YNB,Prince Abdulmohsen Bin Abdulaziz International Airport,Yanbu,SA,AS,24.1442,38.0634,L
YND,Ottawa / Gatineau Airport,Gatineau,CA,NA,45.5217,-75.5636,M
YNJ,Yanji Chaoyangchuan Airport,Yanji,CN,AS,42.8828,129.4510,M
YNL,Points North Landing Airport,Points North Landing,CA,NA,58.2767,-104.0820,M
YNT,Yantai Penglai International Airport,Yantai,CN,AS,37.6597,120.9781,L
YNY,Yangyang International Airport,Gonghang-ro,KR,AS,38.0605,128.6698,L
YNZ,Yancheng Nanyang International Airport,Yancheng (Tinghu),CN,AS,33.4283,120.2054,L
YOJ,High Level Airport,High Level,CA,NA,58.6214,-117.1650,M
YOL,Yola Airport,Yola,NG,AF,9.2576,12.4304,M
YOW,Ottawa Macdonald-Cartier International Airport,Ottawa,CA,NA,45.3225,-75.6692,L
YPA,Prince Albert Glass Field,Prince Albert,CA,NA,53.2142,-105.6730,M
YPE,Peace River Airport,Peace River,CA,NA,56.2269,-117.4470,M
YPL,Pickle Lake Airport,Pickle Lake,CA,NA,51.4464,-90.2142,M
YPN,Port-Menier Airport,Port-Menier,CA,NA,49.8364,-64.2886,M
YPQ,Peterborough Regional Airport,Peterborough,CA,NA,44.2323,-78.3621,M
YPR,Prince Rupert Airport,Prince Rupert,CA,NA,54.2861,-130.4450,M
YPW,Powell River Airport,Powell River,CA,NA,49.8342,-124.5000,M
YPX,Puvirnituq Airport,Puvirnituq,CA,NA,60.0506,-77.2869,M
YPY,Fort Chipewyan Airport,Fort Chipewyan,CA,NA,58.7672,-111.1170,M
YPZ,Burns Lake Airport,Burns Lake,CA,NA,54.3764,-125.9510,M
YQA,Muskoka Airport,Gravenhurst,CA,NA,44.9754,-79.3065,M
YQB,Quebec Jean Lesage International Airport,Quebec,CA,NA,46.7911,-71.3933,L
YQD,The Pas Airport,The Pas,CA,NA,53.9714,-101.0910,M
YQG,Windsor International Airport,Windsor,CA,NA,42.2756,-82.9556,L
YQH,Watson Lake Airport,Watson Lake,CA,NA,60.1168,-128.8220,M
YQK,Kenora Airport,Kenora,CA,NA,49.7883,-94.3631,M
YQL,Lethbridge County Airport,Lethbridge,CA,NA,49.6303,-112.8000,M
YQM,Greater Moncton Roméo LeBlanc International Airport,Moncton,CA,NA,46.1132,-64.6772,M
YQN,Nakina Airport,Nakina,CA,NA,50.1828,-86.6964,M
YQQ,Comox Valley International Airport / CFB Comox,Comox,CA,NA,49.7108,-124.8870,M
YQR,Regina International Airport,Regina,CA,NA,50.4319,-104.6609,M
YQT,Thunder Bay International Airport,Thunder Bay,CA,NA,48.3719,-89.3239,M
YQU,Grande Prairie Airport,Grande Prairie,CA,NA,55.1797,-118.8850,M
YQX,Gander International Airport,Gander,CA,NA,48.9363,-54.5677,M
YQY,Sydney / J.A. Douglas McCurdy Airport,Sydney,CA,NA,46.1611,-60.0498,M
YQZ,Quesnel Airport,Quesnel,CA,NA,53.0261,-122.5100,M
YRB,Resolute Bay Airport,Resolute Bay,CA,NA,74.7169,-94.9694,M
YRJ,Roberval Airport,Roberval,CA,NA,48.5197,-72.2657,M
YRL,Red Lake Airport,Red Lake,CA,NA,51.0669,-93.7931,M
YRO,Ottawa / Rockcliffe Airport,Ottawa,CA,NA,45.4605,-75.6440,M
YRT,Rankin Inlet Airport,Rankin Inlet,CA,NA,62.8114,-92.1158,M
YSB,Sudbury Airport,Sudbury,CA,NA,46.6250,-80.7989,M
YSF,Stony Rapids Airport,Stony Rapids,CA,NA,59.2503,-105.8410,M
YSJ,Saint John Airport,Saint John,CA,NA,45.3161,-65.8903,M
YSM,Fort Smith Airport,Fort Smith,CA,NA,60.0203,-111.9620,M
YSQ,Songyuan Chaganhu Airport,Qian Gorlos Mongol Autonomous County,CN,AS,44.9311,124.5521,M
YTH,Thompson Airport,Thompson,CA,NA,55.8011,-97.8642,M
YTS,Timmins/Victor M. Power,Timmins,CA,NA,48.5697,-81.3767,M
YTY,Yangzhou Taizhou Airport,Yangzhou,CN,AS,32.5634,119.7198,M
YTZ,Billy Bishop Toronto City Airport,Toronto,CA,NA,43.6279,-79.3955,M
YUL,Montreal / Pierre Elliott Trudeau International Airport,Montréal,CA,NA,45.4678,-73.7423,L
YUM,Yuma International Airport / Marine Corps Air Station Yuma,Yuma,US,NA,32.6509,-114.6094,M
YUS,Yushu Batang Airport,Yushu (Batang),CN,AS,32.8364,97.0364,M
YUX,Hall Beach Airport,Sanirajak,CA,NA,68.7761,-81.2425,M
YUY,Rouyn Noranda Airport,Rouyn-Noranda,CA,NA,48.2061,-78.8356,M
YVB,Bonaventure Airport,Bonaventure,CA,NA,48.0711,-65.4603,M
YVC,La Ronge Airport,La Ronge,CA,NA,55.1514,-105.2620,M
YVO,Val-d'Or Airport,Val-d'Or,CA,NA,48.0533,-77.7828,M
YVP,Kuujjuaq Airport,Kuujjuaq,CA,NA,58.0961,-68.4269,M
YVQ,Norman Wells Airport,Norman Wells,CA,NA,65.2816,-126.7980,M
YVR,Vancouver International Airport,Vancouver,CA,NA,49.1939,-123.1840,L
YVV,Wiarton Airport,Wiarton,CA,NA,44.7458,-81.1072,M
YWG,Winnipeg / James Armstrong Richardson International Airport,Winnipeg,CA,NA,49.9100,-97.2399,L
YWK,Wabush Airport,Wabush,CA,NA,52.9219,-66.8644,M
YWL,Williams Lake Airport,Williams Lake,CA,NA,52.1831,-122.0540,M
YXC,Cranbrook/Canadian Rockies International Airport,Cranbrook,CA,NA,49.6108,-115.7820,M
YXE,Saskatoon John G. Diefenbaker International Airport,Saskatoon,CA,NA,52.1707,-106.7008,L
YXH,Medicine Hat Regional Airport,Medicine Hat,CA,NA,50.0189,-110.7210,M
YXJ,Fort St John / North Peace Regional Airport,Fort Saint John,CA,NA,56.2381,-120.7400,M
YXL,Sioux Lookout Airport,Sioux Lookout,CA,NA,50.1139,-91.9053,M
YXS,Prince George (International) Airport,Prince George,CA,NA,53.8843,-122.6666,M
YXT,Northwest Regional Airport Terrace-Kitimat,Terrace,CA,NA,54.4685,-128.5760,M
YXU,London International Airport,London,CA,NA,43.0328,-81.1490,M
YXX,Abbotsford International Airport,Abbotsford,CA,NA,49.0253,-122.3610,M
YXY,Whitehorse / Erik Nielsen International Airport,Whitehorse,CA,NA,60.7085,-135.0657,M
YYA,Yueyang Sanhe Airport,Yueyang (Yueyanglou),CN,AS,29.3117,113.2816,M
YYB,North Bay Jack Garland Airport,North Bay,CA,NA,46.3636,-79.4228,M
YYC,Calgary International Airport,Calgary,CA,NA,51.1188,-114.0099,L
YYD,Smithers Airport,Smithers,CA,NA,54.8247,-127.1830,M
YYE,Fort Nelson Airport,Fort Nelson,CA,NA,58.8364,-122.5970,M
YYF,Penticton Airport,Penticton,CA,NA,49.4631,-119.6020,M
YYG,Charlottetown Airport,Charlottetown,CA,NA,46.2889,-63.1252,M
YYJ,Victoria International Airport,Victoria,CA,NA,48.6472,-123.4278,L
YYL,Lynn Lake Airport,Lynn Lake,CA,NA,56.8639,-101.0760,M
YYQ,Churchill Airport,Churchill,CA,NA,58.7392,-94.0650,M
YYR,Goose Bay Airport,Goose Bay,CA,NA,53.3192,-60.4258,M
YYT,St. John's International Airport,St. John's,CA,NA,47.6186,-52.7519,L
YYY,Mont Joli Airport,Mont-Joli,CA,NA,48.6086,-68.2081,M
YYZ,Toronto Pearson International Airport,Toronto,CA,NA,43.6759,-79.6294,L
YZF,Yellowknife International Airport,Yellowknife,CA,NA,62.4628,-114.4400,M
YZP,Sandspit Airport,Sandspit,CA,NA,53.2543,-131.8140,M
YZS,Coral Harbour Airport,Coral Harbour,CA,NA,64.1933,-83.3594,M
YZT,Port Hardy Airport,Port Hardy,CA,NA,50.6806,-127.3670,M
YZU,Whitecourt Airport,Whitecourt,CA,NA,54.1439,-115.7870,M
YZV,Sept-Îles Airport,Sept-Îles,CA,NA,50.2233,-66.2656,M
YZY,Zhangye Ganzhou Airport,Zhangye (Ganzhou),CN,AS,38.8019,100.6750,M
ZAD,Zadar Airport,Zadar,HR,EU,44.0970,15.3536,L
ZAG,Zagreb Franjo Tuđman International Airport,Velika Gorica,HR,EU,45.7429,16.0688,L
ZAH,Zahedan International Airport,Zahedan,IR,AS,29.4757,60.9062,L
ZAL,Pichoy Airport,Valdivia,CL,SA,-39.6500,-73.0861,M
ZAM,Zamboanga International Airport,Zamboanga,PH,AS,6.9224,122.0600,L
ZAT,Zhaotong Zhaoyang Airport,Zhaotong,CN,AS,27.2058,103.6915,M
ZAZ,Zaragoza Airport,Zaragoza,ES,EU,41.6662,-1.0415,L
ZBF,Bathurst Airport,South Tetagouche,CA,NA,47.6297,-65.7389,M
ZBR,Chabahar Konarak International Airport,Konarak,IR,AS,25.4432,60.3822,M
ZCL,General Leobardo C. Ruiz International Airport,Zacatecas,MX,NA,22.8949,-102.6872,M
ZCO,La Araucanía International Airport,Temuco,CL,SA,-38.9259,-72.6515,L
ZEL,Bella Bella (Campbell Island) Airport,Bella Bella,CA,NA,52.1850,-128.1570,M
ZHA,Zhanjiang Wuchuan International Airport,Zhanjiang,CN,AS,21.4817,110.5903,L
ZHY,Zhongwei Shapotou Airport,Zhongwei (Shapotou),CN,AS,37.5731,105.1545,M
ZIA,Zhukovsky International Airport,Moscow,RU,EU,55.5533,38.1500,L
ZIG,Ziguinchor Airport,Ziguinchor,SN,AF,12.5556,-16.2833,M
ZIH,Ixtapa-Zihuatanejo International Airport,Ixtapa,MX,NA,17.6018,-101.4606,L
ZIX,Zhigansk Airport,Zhigansk,RU,AS,66.7965,123.3610,M
ZKP,Zyryanka Airport,Zyryanka,RU,AS,65.7485,150.8889,M
ZLO,Playa de Oro International Airport,Manzanillo,MX,NA,19.1448,-104.5590,M
ZMT,Masset Airport,Masset,CA,NA,54.0275,-132.1250,M
ZND,Zinder Airport,Zinder,NE,AF,13.7790,8.9838,M
ZNE,Newman Airport,Newman,AU,OC,-23.4178,119.8030,M
ZNZ,Abeid Amani Karume International Airport,Zanzibar,TZ,AF,-6.2220,39.2249,L
ZOS,Cañal Bajo Carlos Hott Siebert Airport,Osorno,CL,SA,-40.6112,-73.0610,M
ZQN,Queenstown Airport,Queenstown,NZ,OC,-45.0192,168.7464,L
ZQZ,Zhangjiakou Ningyuan Airport,Zhangjiakou,CN,AS,40.7387,114.9334,M
ZRH,Zürich Airport,Zurich,CH,EU,47.4581,8.5481,L
ZSA,San Salvador International Airport,San Salvador,BS,NA,24.0630,-74.5232,L
ZSE,Saint-Pierre Pierrefonds Airport,Saint-Pierre,RE,AF,-21.3194,55.4225,L
ZSJ,Sandy Lake Airport,Sandy Lake,CA,NA,53.0642,-93.3444,M
ZTH,Zakynthos International Airport Dionysios Solomos,Zakynthos,GR,EU,37.7509,20.8843,M
ZUH,Zhuhai Jinwan Airport,Zhuhai (Jinwan),CN,AS,22.0064,113.3760,L
ZYI,Zunyi Xinzhou Airport,Zunyi,CN,AS,27.8107,107.2472,M
ZYL,Osmany International Airport,Sylhet,BD,AS,24.9640,91.8647,L
